customer_id,customer_segment,location,acquisition_channel,age,gender,signup_date,total_transactions,total_spending,average_transaction_value,unique_products,last_purchase_date,days_since_last_purchase,purchase_frequency,total_interactions,interaction_types_count,last_interaction_date,days_since_last_interaction,website_visits,marketing_interactions,engagement_frequency,customer_lifetime,outcome_transactions,is_churned,frequency_group,interaction_group
C00001,medium,Bhubaneswar,ads,25,male,2024-04-12,27.0,460370.33999999997,17050.75333333333,23.0,2025-12-26,5.0,27.0,289.0,4.0,2025-12-27,4.0,0.0,37.0,0.3986206896551724,628,4.0,0,Very High,Very High
C00002,high,Hyderabad,referral,47,female,2025-03-11,38.0,714174.0499999999,18794.05394736842,28.0,2025-12-29,2.0,38.0,311.0,4.0,2025-12-29,2.0,0.0,28.0,0.4289655172413793,295,7.0,0,Very High,Very High
C00004,medium,Bangalore,organic,38,male,2024-04-16,28.0,503765.63999999996,17991.629999999997,24.0,2025-10-26,66.0,28.0,275.0,4.0,2025-12-31,0.0,0.0,26.0,0.3793103448275862,624,3.0,0,Very High,Very High
C00005,high,Hyderabad,referral,37,female,2024-03-12,87.0,1336938.0,15367.103448275862,67.0,2025-12-23,8.0,87.0,670.0,4.0,2025-12-31,0.0,0.0,59.0,0.9241379310344827,659,8.0,0,Very High,Very High
C00006,high,Chennai,ads,29,male,2025-12-01,6.0,63302.92,10550.486666666666,6.0,2025-12-30,1.0,6.0,32.0,4.0,2025-12-30,1.0,0.0,2.0,0.044137931034482755,30,11.0,0,High,Medium
C00007,high,Bhubaneswar,ads,27,female,2024-01-21,105.0,2347321.23,22355.440285714285,70.0,2025-12-31,0.0,105.0,727.0,4.0,2025-12-31,0.0,0.0,70.0,1.0027586206896553,710,19.0,0,Very High,Very High
C00008,high,Kolkata,ads,31,other,2025-09-06,16.0,111533.92,6970.87,14.0,2025-12-22,9.0,16.0,102.0,4.0,2025-12-31,0.0,0.0,11.0,0.1406896551724138,116,6.0,0,Very High,High
C00009,medium,Kolkata,ads,19,female,2024-05-01,26.0,472052.17,18155.852692307693,25.0,2025-11-09,52.0,26.0,280.0,4.0,2025-12-31,0.0,0.0,33.0,0.38620689655172413,609,3.0,0,Very High,Very High
C00011,high,Jaipur,referral,35,female,2024-08-02,56.0,841997.79,15035.674821428573,47.0,2025-12-19,12.0,56.0,522.0,4.0,2025-12-31,0.0,0.0,52.0,0.72,516,20.0,0,Very High,Very High
C00012,high,Chennai,ads,25,female,2024-11-26,60.0,1263218.74,21053.645666666667,44.0,2025-12-27,4.0,60.0,440.0,4.0,2025-12-27,4.0,0.0,37.0,0.6068965517241379,400,10.0,0,Very High,Very High
C00013,medium,Hyderabad,organic,50,female,2025-04-03,10.0,240031.45,24003.145,10.0,2025-12-27,4.0,10.0,138.0,4.0,2025-12-27,4.0,0.0,21.0,0.19034482758620688,272,3.0,0,High,High
C00015,medium,Mumbai,ads,41,male,2025-01-07,9.0,86796.91,9644.101111111111,9.0,2025-09-30,92.0,9.0,148.0,4.0,2025-12-25,6.0,0.0,12.0,0.20413793103448277,358,5.0,0,High,High
C00016,medium,Mumbai,ads,30,female,2024-04-09,27.0,262940.23,9738.527037037036,24.0,2025-12-12,19.0,27.0,250.0,4.0,2025-12-27,4.0,0.0,23.0,0.3448275862068966,631,1.0,0,Very High,Very High
C00017,medium,Bangalore,ads,34,male,2025-10-25,5.0,14711.31,2942.2619999999997,4.0,2025-12-28,3.0,5.0,28.0,4.0,2025-12-30,1.0,0.0,2.0,0.038620689655172416,67,1.0,0,Medium,Medium
C00018,medium,Mumbai,organic,41,female,2024-05-10,24.0,337738.87,14072.452916666667,22.0,2025-12-19,12.0,24.0,288.0,4.0,2025-12-31,0.0,0.0,28.0,0.3972413793103448,600,1.0,0,Very High,Very High
C00019,high,Delhi,ads,36,female,2025-10-23,9.0,68728.47,7636.496666666667,8.0,2025-12-31,0.0,9.0,64.0,4.0,2025-12-31,0.0,0.0,7.0,0.08827586206896551,69,14.0,0,High,Medium
C00021,medium,Chennai,ads,32,male,2024-12-09,12.0,127109.85,10592.487500000001,12.0,2025-10-17,75.0,12.0,184.0,4.0,2025-12-29,2.0,0.0,15.0,0.2537931034482759,387,3.0,0,Very High,High
C00022,medium,Jaipur,ads,29,female,2025-05-06,8.0,126620.31,15827.53875,7.0,2025-12-16,15.0,8.0,115.0,4.0,2025-12-30,1.0,0.0,11.0,0.15862068965517243,239,4.0,0,High,High
C00023,low,Delhi,organic,41,female,2025-02-17,1.0,31537.0,31537.0,1.0,2025-02-24,310.0,1.0,9.0,3.0,2025-03-24,282.0,0.0,0.0,0.012413793103448275,317,0.0,1,Low,Low
C00024,medium,Ahmedabad,ads,22,male,2025-01-20,10.0,160905.78,16090.578,10.0,2025-11-28,33.0,10.0,138.0,4.0,2025-12-27,4.0,0.0,15.0,0.19034482758620688,345,0.0,1,High,High
C00025,medium,Bhubaneswar,ads,44,female,2024-07-10,23.0,363567.95,15807.302173913044,18.0,2025-12-23,8.0,23.0,246.0,4.0,2025-12-27,4.0,0.0,20.0,0.3393103448275862,539,6.0,0,Very High,Very High
C00026,medium,Kolkata,ads,21,female,2024-10-03,9.0,308066.9,34229.65555555556,9.0,2025-10-30,62.0,9.0,201.0,4.0,2025-12-31,0.0,0.0,23.0,0.2772413793103448,454,4.0,0,High,Very High
C00027,high,Bhubaneswar,ads,41,female,2024-06-09,55.0,1224181.27,22257.841272727273,39.0,2025-12-31,0.0,55.0,598.0,4.0,2025-12-31,0.0,0.0,57.0,0.8248275862068966,570,18.0,0,Very High,Very High
C00028,high,Jaipur,ads,28,female,2025-04-04,31.0,455435.51,14691.46806451613,27.0,2025-12-21,10.0,31.0,238.0,4.0,2025-12-29,2.0,0.0,17.0,0.32827586206896553,271,13.0,0,Very High,Very High
C00029,medium,Pune,organic,39,male,2024-11-09,22.0,446991.92,20317.814545454545,19.0,2025-12-24,7.0,22.0,211.0,4.0,2025-12-24,7.0,0.0,16.0,0.2910344827586207,417,5.0,0,Very High,Very High
C00030,low,Pune,ads,44,female,2024-01-22,1.0,9403.02,9403.02,1.0,2024-02-14,686.0,1.0,7.0,2.0,2024-02-19,681.0,0.0,0.0,0.009655172413793104,709,0.0,1,Low,Low
C00031,low,Delhi,organic,36,male,2024-09-09,2.0,17058.54,8529.27,2.0,2024-10-08,449.0,2.0,13.0,4.0,2024-10-31,426.0,0.0,3.0,0.01793103448275862,478,0.0,1,Low,Low
C00032,medium,Hyderabad,ads,23,male,2025-07-14,13.0,221670.56,17051.581538461538,13.0,2025-12-30,1.0,13.0,83.0,4.0,2025-12-30,1.0,0.0,7.0,0.11448275862068966,170,0.0,1,Very High,Medium
C00033,high,Kolkata,organic,26,male,2025-04-19,30.0,552819.59,18427.319666666666,28.0,2025-12-20,11.0,30.0,246.0,4.0,2025-12-29,2.0,0.0,27.0,0.3393103448275862,256,10.0,0,Very High,Very High
C00034,high,Jaipur,organic,27,male,2024-02-28,68.0,1506282.85,22151.21838235294,56.0,2025-12-25,6.0,68.0,653.0,4.0,2025-12-31,0.0,0.0,62.0,0.9006896551724138,672,9.0,0,Very High,Very High
C00035,low,Jaipur,ads,18,female,2025-05-25,1.0,10471.8,10471.8,1.0,2025-05-31,214.0,1.0,5.0,2.0,2025-06-19,195.0,0.0,0.0,0.006896551724137931,220,0.0,1,Low,Low
C00036,medium,Jaipur,ads,46,male,2025-11-12,2.0,43944.0,21972.0,2.0,2025-11-18,43.0,2.0,36.0,4.0,2025-12-30,1.0,0.0,4.0,0.0496551724137931,49,4.0,0,Low,Medium
C00037,medium,Mumbai,ads,36,female,2025-04-20,13.0,155324.44,11948.033846153847,13.0,2025-12-13,18.0,13.0,123.0,4.0,2025-12-30,1.0,0.0,12.0,0.1696551724137931,255,6.0,0,Very High,High
C00040,low,Ahmedabad,ads,27,female,2025-11-17,2.0,110776.20000000001,55388.100000000006,2.0,2025-12-24,7.0,2.0,6.0,3.0,2025-12-31,0.0,0.0,0.0,0.008275862068965517,44,0.0,1,Low,Low
C00041,high,Chennai,ads,37,other,2025-07-16,24.0,406895.79000000004,16953.991250000003,20.0,2025-12-28,3.0,24.0,146.0,4.0,2025-12-30,1.0,0.0,15.0,0.2013793103448276,168,6.0,0,Very High,High
C00042,low,Bhubaneswar,ads,26,male,2025-07-20,1.0,28784.460000000003,28784.460000000003,1.0,2025-08-03,150.0,1.0,9.0,4.0,2025-08-29,124.0,0.0,2.0,0.012413793103448275,164,0.0,1,Low,Low
C00044,medium,Pune,ads,21,male,2025-05-19,7.0,195669.5,27952.785714285714,7.0,2025-12-23,8.0,7.0,118.0,4.0,2025-12-29,2.0,0.0,13.0,0.16275862068965516,226,5.0,0,High,High
C00045,medium,Pune,referral,30,female,2024-05-10,26.0,582289.88,22395.764615384614,24.0,2025-12-12,19.0,26.0,260.0,4.0,2025-12-31,0.0,0.0,21.0,0.3586206896551724,600,2.0,0,Very High,Very High
C00046,medium,Ahmedabad,organic,43,male,2025-04-29,9.0,106561.95,11840.216666666667,9.0,2025-12-14,17.0,9.0,104.0,4.0,2025-12-31,0.0,0.0,15.0,0.14344827586206896,246,2.0,0,High,High
C00048,high,Delhi,organic,36,male,2024-01-21,76.0,1353317.27,17806.806184210527,60.0,2025-12-22,9.0,76.0,671.0,4.0,2025-12-31,0.0,0.0,71.0,0.9255172413793104,710,12.0,0,Very High,Very High
C00049,medium,Mumbai,organic,18,male,2024-06-15,18.0,389667.08,21648.17111111111,16.0,2025-12-17,14.0,18.0,252.0,4.0,2025-12-24,7.0,0.0,24.0,0.34758620689655173,564,2.0,0,Very High,Very High
C00050,high,Hyderabad,organic,47,female,2024-09-30,58.0,899961.17,15516.571896551724,44.0,2025-12-30,1.0,58.0,437.0,4.0,2025-12-30,1.0,0.0,54.0,0.6027586206896551,457,14.0,0,Very High,Very High
C00051,low,Jaipur,ads,37,female,2025-01-22,1.0,2452.16,2452.16,1.0,2025-02-23,311.0,1.0,11.0,3.0,2025-02-28,306.0,0.0,3.0,0.015172413793103448,343,0.0,1,Low,Low
C00052,high,Jaipur,organic,33,male,2025-08-23,18.0,231181.27,12843.403888888888,15.0,2025-12-12,19.0,18.0,114.0,4.0,2025-12-29,2.0,0.0,15.0,0.15724137931034482,130,6.0,0,Very High,High
C00053,medium,Ahmedabad,referral,46,female,2024-11-11,19.0,343658.31,18087.27947368421,16.0,2025-12-29,2.0,19.0,185.0,4.0,2025-12-30,1.0,0.0,16.0,0.25517241379310346,415,6.0,0,Very High,High
C00054,medium,Bangalore,referral,47,male,2024-01-14,24.0,570799.5599999999,23783.315,24.0,2025-11-18,43.0,24.0,330.0,4.0,2025-12-17,14.0,0.0,34.0,0.45517241379310347,717,2.0,0,Very High,Very High
C00056,medium,Mumbai,ads,32,female,2024-12-11,5.0,160496.75,32099.35,5.0,2025-10-10,82.0,5.0,153.0,4.0,2025-12-30,1.0,0.0,20.0,0.2110344827586207,385,6.0,0,Medium,High
C00057,high,Delhi,referral,24,male,2025-07-18,9.0,218626.28,24291.80888888889,9.0,2025-12-22,9.0,9.0,166.0,4.0,2025-12-29,2.0,0.0,16.0,0.2289655172413793,166,13.0,0,High,High
C00058,low,Mumbai,referral,44,male,2024-12-05,3.0,143158.32,47719.44,3.0,2025-10-21,71.0,3.0,71.0,4.0,2025-12-31,0.0,0.0,7.0,0.09793103448275862,391,0.0,1,Medium,Medium
C00059,medium,Bangalore,ads,21,male,2024-04-01,35.0,420344.95,12009.855714285715,28.0,2025-12-31,0.0,35.0,279.0,4.0,2025-12-31,0.0,0.0,33.0,0.38482758620689655,639,1.0,0,Very High,Very High
C00060,low,Pune,ads,54,male,2025-01-01,1.0,52852.439999999995,52852.439999999995,1.0,2025-02-01,333.0,1.0,69.0,4.0,2025-12-21,10.0,0.0,8.0,0.09517241379310344,364,0.0,1,Low,Medium
C00061,high,Mumbai,ads,35,female,2025-03-30,32.0,817923.61,25560.1128125,25.0,2025-12-27,4.0,32.0,269.0,4.0,2025-12-29,2.0,0.0,24.0,0.37103448275862067,276,12.0,0,Very High,Very High
C00062,medium,Chennai,ads,24,female,2025-03-03,13.0,176345.32,13565.024615384616,12.0,2025-11-17,44.0,13.0,133.0,4.0,2025-12-26,5.0,0.0,13.0,0.18344827586206897,303,3.0,0,Very High,High
C00063,medium,Mumbai,organic,22,other,2025-05-23,9.0,174796.3,19421.81111111111,9.0,2025-11-24,37.0,9.0,98.0,4.0,2025-12-31,0.0,0.0,4.0,0.13517241379310344,222,3.0,0,High,Medium
C00064,high,Pune,ads,22,male,2024-02-04,76.0,1191019.8699999999,15671.314078947367,56.0,2025-12-18,13.0,76.0,678.0,4.0,2025-12-31,0.0,0.0,58.0,0.9351724137931035,696,7.0,0,Very High,Very High
C00065,medium,Jaipur,organic,36,female,2024-07-24,19.0,414569.73,21819.45947368421,17.0,2025-11-24,37.0,19.0,248.0,4.0,2025-12-31,0.0,0.0,18.0,0.34206896551724136,525,3.0,0,Very High,Very High
C00066,medium,Bhubaneswar,organic,34,male,2024-03-21,30.0,650578.88,21685.962666666666,23.0,2025-11-17,44.0,30.0,297.0,4.0,2025-12-27,4.0,0.0,40.0,0.4096551724137931,650,1.0,0,Very High,Very High
C00067,low,Bhubaneswar,ads,22,female,2025-07-15,2.0,21677.15,10838.575,2.0,2025-10-01,91.0,2.0,15.0,4.0,2025-10-12,80.0,0.0,1.0,0.020689655172413793,169,0.0,1,Low,Low
C00068,medium,Bhubaneswar,referral,31,male,2025-01-22,15.0,209287.88,13952.525333333333,14.0,2025-12-28,3.0,15.0,150.0,4.0,2025-12-28,3.0,0.0,15.0,0.20689655172413793,343,5.0,0,Very High,High
C00069,medium,Jaipur,referral,21,other,2024-01-02,24.0,348290.3,14512.095833333333,23.0,2025-12-08,23.0,24.0,337.0,4.0,2025-12-27,4.0,0.0,35.0,0.46482758620689657,729,1.0,0,Very High,Very High
C00070,medium,Ahmedabad,ads,40,male,2025-01-24,14.0,89945.44,6424.674285714286,14.0,2025-10-08,84.0,14.0,174.0,4.0,2025-12-31,0.0,0.0,18.0,0.24,341,3.0,0,Very High,High
C00072,medium,Delhi,organic,31,male,2024-04-15,28.0,353948.59,12641.021071428573,23.0,2025-11-03,58.0,28.0,314.0,4.0,2025-12-30,1.0,0.0,34.0,0.43310344827586206,625,2.0,0,Very High,Very High
C00073,medium,Jaipur,ads,22,female,2025-04-21,9.0,204892.75,22765.86111111111,9.0,2025-12-19,12.0,9.0,104.0,4.0,2025-12-29,2.0,0.0,12.0,0.14344827586206896,254,4.0,0,High,High
C00075,medium,Hyderabad,organic,30,female,2025-02-05,12.0,210550.12,17545.843333333334,12.0,2025-12-20,11.0,12.0,137.0,4.0,2025-12-31,0.0,0.0,9.0,0.1889655172413793,329,5.0,0,Very High,High
C00077,low,Chennai,organic,36,male,2025-07-09,1.0,2962.38,2962.38,1.0,2025-12-04,27.0,1.0,32.0,4.0,2025-12-17,14.0,0.0,3.0,0.044137931034482755,175,0.0,1,Low,Medium
C00078,medium,Chennai,organic,42,male,2024-06-10,18.0,325957.81,18108.76722222222,17.0,2025-11-13,48.0,18.0,244.0,4.0,2025-12-25,6.0,0.0,19.0,0.33655172413793105,569,3.0,0,Very High,Very High
C00080,high,Chennai,organic,18,male,2024-09-26,46.0,830083.96,18045.30347826087,39.0,2025-12-25,6.0,46.0,422.0,4.0,2025-12-30,1.0,0.0,53.0,0.5820689655172414,461,9.0,0,Very High,Very High
C00081,medium,Delhi,organic,44,female,2024-09-27,17.0,197310.5,11606.5,16.0,2025-12-23,8.0,17.0,230.0,4.0,2025-12-28,3.0,0.0,26.0,0.31724137931034485,460,4.0,0,Very High,Very High
C00082,low,Hyderabad,organic,25,female,2025-03-31,1.0,7266.24,7266.24,1.0,2025-04-19,256.0,1.0,6.0,3.0,2025-04-24,251.0,0.0,1.0,0.008275862068965517,275,0.0,1,Low,Low
C00083,high,Pune,organic,23,male,2025-04-06,35.0,684933.56,19569.53028571429,30.0,2025-12-19,12.0,35.0,278.0,4.0,2025-12-31,0.0,0.0,32.0,0.383448275862069,269,10.0,0,Very High,Very High
C00085,medium,Mumbai,ads,38,female,2024-09-08,22.0,388554.7,17661.577272727274,21.0,2025-12-27,4.0,22.0,240.0,4.0,2025-12-31,0.0,0.0,29.0,0.3310344827586207,479,5.0,0,Very High,Very High
C00087,medium,Hyderabad,referral,29,female,2024-10-22,13.0,255858.63999999998,19681.433846153846,12.0,2025-12-10,21.0,13.0,195.0,4.0,2025-12-27,4.0,0.0,15.0,0.2689655172413793,435,1.0,0,Very High,High
C00090,medium,Kolkata,ads,34,male,2024-12-03,11.0,163934.04,14903.094545454545,11.0,2025-11-18,43.0,11.0,168.0,4.0,2025-12-23,8.0,0.0,16.0,0.2317241379310345,393,3.0,0,Very High,High
C00091,high,Ahmedabad,ads,25,female,2024-02-22,80.0,1310264.67,16378.308374999999,63.0,2025-12-28,3.0,80.0,682.0,4.0,2025-12-31,0.0,0.0,61.0,0.9406896551724138,678,14.0,0,Very High,Very High
C00092,high,Delhi,ads,25,male,2024-08-04,56.0,1317484.37,23526.50660714286,45.0,2025-12-23,8.0,56.0,508.0,4.0,2025-12-31,0.0,0.0,49.0,0.7006896551724138,514,9.0,0,Very High,Very High
C00093,high,Hyderabad,referral,32,male,2024-07-06,67.0,1121437.08,16737.866865671644,56.0,2025-12-12,19.0,67.0,512.0,4.0,2025-12-30,1.0,0.0,56.0,0.7062068965517241,543,16.0,0,Very High,Very High
C00094,medium,Bhubaneswar,organic,37,female,2025-01-14,14.0,140595.1,10042.507142857143,13.0,2025-12-15,16.0,14.0,164.0,4.0,2025-12-25,6.0,0.0,12.0,0.22620689655172413,351,1.0,0,Very High,High
C00095,low,Kolkata,ads,39,male,2025-05-07,1.0,7191.36,7191.36,1.0,2025-05-14,231.0,1.0,16.0,4.0,2025-07-30,154.0,0.0,3.0,0.022068965517241378,238,0.0,1,Low,Low
C00096,high,Mumbai,referral,36,other,2024-02-10,93.0,2025062.95,21774.870430107527,70.0,2025-12-28,3.0,93.0,700.0,4.0,2025-12-30,1.0,0.0,75.0,0.9655172413793104,690,11.0,0,Very High,Very High
C00097,high,Mumbai,organic,26,male,2024-06-05,74.0,1368866.68,18498.198378378376,59.0,2025-12-31,0.0,74.0,575.0,4.0,2025-12-31,0.0,0.0,46.0,0.7931034482758621,574,11.0,0,Very High,Very High
C00098,medium,Jaipur,organic,30,male,2024-01-15,21.0,496527.19999999995,23644.15238095238,20.0,2025-06-26,188.0,21.0,341.0,4.0,2025-12-31,0.0,0.0,30.0,0.4703448275862069,716,3.0,0,Very High,Very High
C00099,high,Delhi,organic,42,male,2024-03-05,79.0,2085638.3,26400.48481012658,56.0,2025-12-29,2.0,79.0,650.0,4.0,2025-12-30,1.0,0.0,68.0,0.896551724137931,666,7.0,0,Very High,Very High
C00100,high,Chennai,ads,23,male,2025-06-04,26.0,316738.77,12182.260384615385,24.0,2025-12-31,0.0,26.0,206.0,4.0,2025-12-31,0.0,0.0,26.0,0.28413793103448276,210,8.0,0,Very High,Very High
C00101,high,Hyderabad,organic,30,female,2024-12-09,46.0,630704.17,13710.960217391304,40.0,2025-12-04,27.0,46.0,373.0,4.0,2025-12-30,1.0,0.0,32.0,0.5144827586206897,387,10.0,0,Very High,Very High
C00102,low,Kolkata,organic,40,female,2024-05-08,2.0,32727.230000000003,16363.615000000002,2.0,2024-07-26,523.0,2.0,38.0,4.0,2024-12-19,377.0,0.0,6.0,0.05241379310344828,602,0.0,1,Low,Medium
C00104,medium,Chennai,ads,33,male,2025-04-16,12.0,255639.24,21303.27,12.0,2025-12-30,1.0,12.0,121.0,4.0,2025-12-30,1.0,0.0,9.0,0.16689655172413792,259,5.0,0,Very High,High
C00105,medium,Chennai,organic,30,male,2024-03-03,26.0,575557.07,22136.810384615383,26.0,2025-12-16,15.0,26.0,313.0,4.0,2025-12-30,1.0,0.0,40.0,0.4317241379310345,668,1.0,0,Very High,Very High
C00106,medium,Ahmedabad,organic,21,male,2024-05-18,27.0,529576.68,19613.951111111113,25.0,2025-12-08,23.0,27.0,297.0,4.0,2025-12-27,4.0,0.0,34.0,0.4096551724137931,592,6.0,0,Very High,Very High
C00107,medium,Bhubaneswar,ads,40,female,2025-05-13,17.0,549401.04,32317.70823529412,16.0,2025-11-25,36.0,17.0,120.0,4.0,2025-12-30,1.0,0.0,12.0,0.16551724137931034,232,3.0,0,Very High,High
C00108,medium,Ahmedabad,referral,48,female,2025-08-15,5.0,101562.36,20312.472,4.0,2025-12-30,1.0,5.0,68.0,4.0,2025-12-31,0.0,0.0,8.0,0.09379310344827586,138,2.0,0,Medium,Medium
C00109,medium,Bangalore,ads,60,female,2025-01-26,13.0,223051.50999999998,17157.80846153846,13.0,2025-10-05,87.0,13.0,143.0,4.0,2025-12-31,0.0,0.0,15.0,0.19724137931034483,339,4.0,0,Very High,High
C00110,medium,Bangalore,ads,38,other,2025-11-05,2.0,19824.6,9912.3,2.0,2025-11-26,35.0,2.0,23.0,4.0,2025-12-30,1.0,0.0,2.0,0.031724137931034485,56,3.0,0,Low,Medium
C00111,high,Delhi,organic,34,female,2025-02-22,30.0,474690.32,15823.010666666667,27.0,2025-12-27,4.0,30.0,306.0,4.0,2025-12-31,0.0,0.0,35.0,0.4220689655172414,312,16.0,0,Very High,Very High
C00112,medium,Jaipur,organic,25,female,2024-10-15,11.0,89202.59000000001,8109.3263636363645,11.0,2025-10-16,76.0,11.0,214.0,4.0,2025-12-26,5.0,0.0,17.0,0.29517241379310344,442,2.0,0,Very High,Very High
C00113,low,Hyderabad,ads,18,male,2025-01-13,1.0,6766.76,6766.76,1.0,2025-01-20,345.0,1.0,8.0,3.0,2025-01-28,337.0,0.0,1.0,0.011034482758620689,352,0.0,1,Low,Low
C00114,medium,Kolkata,referral,36,female,2025-05-04,11.0,257239.97999999998,23385.452727272725,11.0,2025-11-18,43.0,11.0,125.0,4.0,2025-12-31,0.0,0.0,14.0,0.1724137931034483,241,1.0,0,Very High,High
C00116,low,Mumbai,referral,47,male,2024-02-10,2.0,11589.31,5794.655,2.0,2024-06-30,549.0,2.0,20.0,3.0,2024-07-09,540.0,0.0,0.0,0.027586206896551724,690,0.0,1,Low,Low
C00117,high,Mumbai,referral,46,female,2024-01-28,75.0,1462466.33,19499.551066666667,61.0,2025-12-22,9.0,75.0,644.0,4.0,2025-12-31,0.0,0.0,64.0,0.8882758620689655,703,9.0,0,Very High,Very High
C00118,medium,Pune,organic,37,other,2024-05-14,24.0,309244.57,12885.190416666666,23.0,2025-11-26,35.0,24.0,285.0,4.0,2025-12-30,1.0,0.0,25.0,0.3931034482758621,596,8.0,0,Very High,Very High
C00119,medium,Chennai,organic,38,female,2024-07-19,8.0,109029.98,13628.7475,7.0,2025-08-24,129.0,8.0,238.0,4.0,2025-12-31,0.0,0.0,24.0,0.32827586206896553,530,2.0,0,High,Very High
C00120,low,Delhi,organic,18,male,2024-02-02,1.0,3378.18,3378.18,1.0,2024-03-06,665.0,1.0,23.0,4.0,2024-06-17,562.0,0.0,2.0,0.031724137931034485,698,0.0,1,Low,Medium
C00122,medium,Pune,organic,29,other,2025-05-17,5.0,36951.979999999996,7390.395999999999,5.0,2025-09-24,98.0,5.0,103.0,4.0,2025-12-26,5.0,0.0,8.0,0.14206896551724138,228,3.0,0,Medium,High
C00123,medium,Jaipur,referral,27,male,2025-02-10,9.0,96627.06,10736.34,8.0,2025-08-11,142.0,9.0,165.0,4.0,2025-12-26,5.0,0.0,17.0,0.22758620689655173,324,5.0,0,High,High
C00129,medium,Mumbai,referral,36,female,2025-06-30,6.0,92292.46,15382.076666666668,6.0,2025-11-14,47.0,6.0,89.0,4.0,2025-12-30,1.0,0.0,7.0,0.12275862068965518,184,5.0,0,High,Medium
C00130,medium,Bangalore,referral,20,female,2025-09-04,4.0,103953.39999999998,25988.349999999995,4.0,2025-11-17,44.0,4.0,57.0,4.0,2025-12-29,2.0,0.0,5.0,0.07862068965517241,118,5.0,0,Medium,Medium
C00131,medium,Hyderabad,ads,32,female,2025-04-06,16.0,213513.77,13344.610625,15.0,2025-12-31,0.0,16.0,120.0,4.0,2025-12-31,0.0,0.0,11.0,0.16551724137931034,269,3.0,0,Very High,High
C00132,medium,Delhi,organic,24,male,2025-10-04,3.0,27753.26,9251.086666666666,3.0,2025-11-07,54.0,3.0,36.0,4.0,2025-12-30,1.0,0.0,4.0,0.0496551724137931,88,2.0,0,Medium,Medium
C00133,low,Mumbai,organic,28,female,2024-01-05,1.0,5048.96,5048.96,1.0,2024-06-26,553.0,1.0,35.0,4.0,2024-07-30,519.0,0.0,2.0,0.04827586206896552,726,0.0,1,Low,Medium
C00134,low,Jaipur,organic,36,other,2024-08-05,1.0,141831.36,141831.36,1.0,2025-02-14,320.0,1.0,62.0,4.0,2025-06-28,186.0,0.0,3.0,0.08551724137931034,513,0.0,1,Low,Medium
C00135,low,Mumbai,ads,18,male,2025-05-17,1.0,7348.5,7348.5,1.0,2025-06-26,188.0,1.0,10.0,4.0,2025-07-14,170.0,0.0,1.0,0.013793103448275862,228,0.0,1,Low,Low
C00136,high,Delhi,organic,26,female,2025-02-01,35.0,534134.6,15260.98857142857,30.0,2025-12-27,4.0,35.0,326.0,4.0,2025-12-29,2.0,0.0,30.0,0.4496551724137931,333,9.0,0,Very High,Very High
C00138,low,Jaipur,ads,20,male,2024-07-25,1.0,9441.0,9441.0,1.0,2024-09-06,481.0,1.0,16.0,4.0,2024-09-30,457.0,0.0,3.0,0.022068965517241378,524,0.0,1,Low,Low
C00139,medium,Pune,ads,52,female,2024-01-15,35.0,688589.63,19673.98942857143,31.0,2025-12-26,5.0,35.0,342.0,4.0,2025-12-30,1.0,0.0,35.0,0.47172413793103446,716,1.0,0,Very High,Very High
C00140,high,Delhi,ads,47,female,2025-07-07,17.0,298501.98,17558.94,17.0,2025-12-25,6.0,17.0,186.0,4.0,2025-12-30,1.0,0.0,17.0,0.25655172413793104,177,12.0,0,Very High,High
C00141,medium,Pune,organic,30,female,2025-04-05,13.0,218732.57,16825.582307692308,11.0,2025-10-30,62.0,13.0,119.0,4.0,2025-12-31,0.0,0.0,10.0,0.16413793103448276,270,5.0,0,Very High,High
C00143,medium,Ahmedabad,ads,37,male,2025-07-28,8.0,142701.53999999998,17837.692499999997,7.0,2025-12-24,7.0,8.0,87.0,4.0,2025-12-26,5.0,0.0,7.0,0.12,156,2.0,0,High,Medium
C00145,medium,Delhi,ads,18,male,2025-07-17,6.0,212481.56,35413.59333333333,6.0,2025-12-14,17.0,6.0,65.0,4.0,2025-12-30,1.0,0.0,4.0,0.0896551724137931,167,1.0,0,High,Medium
C00146,low,Ahmedabad,referral,30,male,2024-04-05,2.0,8234.9,4117.45,2.0,2024-08-12,506.0,2.0,39.0,4.0,2024-11-28,398.0,0.0,3.0,0.05379310344827586,635,0.0,1,Low,Medium
C00147,high,Bhubaneswar,organic,33,female,2025-04-29,34.0,517530.02999999997,15221.471470588234,31.0,2025-12-19,12.0,34.0,259.0,4.0,2025-12-30,1.0,0.0,28.0,0.35724137931034483,246,7.0,0,Very High,Very High
C00148,medium,Jaipur,organic,35,female,2025-02-10,19.0,337666.38,17771.914736842107,18.0,2025-12-31,0.0,19.0,160.0,4.0,2025-12-31,0.0,0.0,14.0,0.2206896551724138,324,1.0,0,Very High,High
C00149,medium,Hyderabad,ads,28,male,2024-08-18,21.0,406206.93,19343.187142857143,20.0,2025-10-25,67.0,21.0,232.0,4.0,2025-12-28,3.0,0.0,17.0,0.32,500,3.0,0,Very High,Very High
C00150,high,Chennai,organic,47,male,2025-10-16,10.0,148042.94,14804.294,10.0,2025-12-09,22.0,10.0,70.0,4.0,2025-12-30,1.0,0.0,7.0,0.09655172413793103,76,10.0,0,High,Medium
C00151,low,Bhubaneswar,referral,20,female,2024-06-19,1.0,6509.0,6509.0,1.0,2024-08-04,514.0,1.0,14.0,4.0,2024-08-28,490.0,0.0,2.0,0.019310344827586208,560,0.0,1,Low,Low
C00152,medium,Bhubaneswar,organic,23,other,2025-06-24,8.0,258789.24000000002,32348.655000000002,8.0,2025-11-11,50.0,8.0,93.0,4.0,2025-12-31,0.0,0.0,7.0,0.12827586206896552,190,3.0,0,High,Medium
C00153,medium,Chennai,ads,39,male,2024-02-05,30.0,533830.8099999999,17794.36033333333,30.0,2025-11-02,59.0,30.0,341.0,4.0,2025-12-30,1.0,0.0,44.0,0.4703448275862069,695,5.0,0,Very High,Very High
C00154,medium,Pune,ads,23,female,2025-06-08,9.0,193674.91999999998,21519.435555555552,9.0,2025-12-25,6.0,9.0,87.0,4.0,2025-12-31,0.0,0.0,5.0,0.12,206,3.0,0,High,Medium
C00155,medium,Delhi,ads,22,male,2024-06-08,22.0,408463.48,18566.521818181816,21.0,2025-12-16,15.0,22.0,279.0,4.0,2025-12-30,1.0,0.0,22.0,0.38482758620689655,571,5.0,0,Very High,Very High
C00157,high,Mumbai,organic,24,male,2024-08-30,56.0,984283.14,17576.484642857144,46.0,2025-12-20,11.0,56.0,469.0,4.0,2025-12-31,0.0,0.0,41.0,0.646896551724138,488,11.0,0,Very High,Very High
C00159,medium,Bangalore,organic,28,female,2025-07-31,8.0,167631.13,20953.89125,8.0,2025-11-12,49.0,8.0,67.0,4.0,2025-12-29,2.0,0.0,9.0,0.09241379310344827,153,2.0,0,High,Medium
C00160,low,Delhi,organic,26,female,2025-11-12,2.0,8817.17,4408.585,2.0,2025-12-20,11.0,2.0,9.0,3.0,2025-12-29,2.0,0.0,0.0,0.012413793103448275,49,0.0,1,Low,Low
C00161,low,Mumbai,referral,18,female,2025-07-10,1.0,36400.98,36400.98,1.0,2025-09-11,111.0,1.0,30.0,4.0,2025-12-23,8.0,0.0,4.0,0.041379310344827586,174,0.0,1,Low,Medium
C00162,medium,Delhi,organic,36,male,2025-07-27,3.0,10329.67,3443.2233333333334,3.0,2025-12-15,16.0,3.0,69.0,4.0,2025-12-29,2.0,0.0,10.0,0.09517241379310344,157,3.0,0,Medium,Medium
C00163,medium,Bhubaneswar,ads,22,female,2025-10-07,2.0,49454.26,24727.13,2.0,2025-12-09,22.0,2.0,39.0,4.0,2025-12-30,1.0,0.0,2.0,0.05379310344827586,85,3.0,0,Low,Medium
C00164,medium,Kolkata,ads,33,male,2024-01-28,23.0,268856.17,11689.398695652173,21.0,2025-12-01,30.0,23.0,328.0,4.0,2025-12-31,0.0,0.0,26.0,0.45241379310344826,703,4.0,0,Very High,Very High
C00166,low,Delhi,referral,32,male,2025-07-09,3.0,137143.22999999998,45714.409999999996,3.0,2025-11-26,35.0,3.0,39.0,4.0,2025-12-27,4.0,0.0,3.0,0.05379310344827586,175,1.0,0,Medium,Medium
C00167,medium,Mumbai,organic,33,female,2024-12-05,11.0,215052.47,19550.224545454545,11.0,2025-12-19,12.0,11.0,173.0,4.0,2025-12-31,0.0,0.0,14.0,0.2386206896551724,391,4.0,0,Very High,High
C00169,high,Bangalore,ads,27,female,2025-10-01,9.0,172703.47999999998,19189.275555555552,9.0,2025-12-31,0.0,9.0,97.0,4.0,2025-12-31,0.0,0.0,9.0,0.13379310344827586,91,13.0,0,High,Medium
C00172,high,Bhubaneswar,ads,32,female,2025-04-17,31.0,446702.19999999995,14409.748387096774,28.0,2025-12-28,3.0,31.0,268.0,4.0,2025-12-31,0.0,0.0,23.0,0.3696551724137931,258,10.0,0,Very High,Very High
C00173,medium,Hyderabad,organic,43,male,2024-08-18,16.0,300507.39,18781.711875,15.0,2025-12-12,19.0,16.0,231.0,4.0,2025-12-28,3.0,0.0,23.0,0.31862068965517243,500,5.0,0,Very High,Very High
C00174,high,Mumbai,organic,39,male,2024-07-08,68.0,1310510.67,19272.215735294118,51.0,2025-12-19,12.0,68.0,536.0,4.0,2025-12-30,1.0,0.0,57.0,0.7393103448275862,541,11.0,0,Very High,Very High
C00175,medium,Mumbai,ads,25,female,2024-08-12,22.0,194779.28,8853.603636363636,19.0,2025-12-05,26.0,22.0,239.0,4.0,2025-12-29,2.0,0.0,20.0,0.3296551724137931,506,2.0,0,Very High,Very High
C00177,medium,Delhi,ads,24,male,2025-01-11,10.0,200487.32,20048.732,10.0,2025-12-13,18.0,10.0,148.0,4.0,2025-12-26,5.0,0.0,14.0,0.20413793103448277,354,4.0,0,High,High
C00178,high,Delhi,organic,40,male,2024-10-09,60.0,1097667.97,18294.466166666665,50.0,2025-12-31,0.0,60.0,485.0,4.0,2025-12-31,0.0,0.0,51.0,0.6689655172413793,448,15.0,0,Very High,Very High
C00179,medium,Pune,referral,27,male,2025-09-24,1.0,52150.11,52150.11,1.0,2025-12-17,14.0,1.0,40.0,4.0,2025-12-29,2.0,0.0,4.0,0.05517241379310345,98,5.0,0,Low,Medium
C00180,low,Ahmedabad,ads,37,female,2025-09-19,2.0,18718.399999999998,9359.199999999999,2.0,2025-11-10,51.0,2.0,15.0,3.0,2025-11-26,35.0,0.0,0.0,0.020689655172413793,103,0.0,1,Low,Low
C00181,medium,Chennai,organic,37,male,2024-09-15,25.0,358186.12,14327.4448,23.0,2025-11-30,31.0,25.0,238.0,4.0,2025-12-29,2.0,0.0,24.0,0.32827586206896553,472,2.0,0,Very High,Very High
C00182,medium,Delhi,organic,58,female,2024-12-24,4.0,78145.41,19536.3525,4.0,2025-10-09,83.0,4.0,140.0,4.0,2025-12-27,4.0,0.0,19.0,0.19310344827586207,372,3.0,0,Medium,High
C00183,high,Chennai,organic,38,male,2025-12-10,5.0,42535.94,8507.188,5.0,2025-12-25,6.0,5.0,22.0,4.0,2025-12-29,2.0,0.0,1.0,0.030344827586206897,21,11.0,0,Medium,Medium
C00186,medium,Ahmedabad,organic,32,female,2025-10-10,5.0,36353.34,7270.668,5.0,2025-12-05,26.0,5.0,40.0,4.0,2025-12-27,4.0,0.0,4.0,0.05517241379310345,82,3.0,0,Medium,Medium
C00187,high,Kolkata,organic,33,male,2024-11-13,45.0,869957.9199999999,19332.398222222222,39.0,2025-12-26,5.0,45.0,435.0,4.0,2025-12-31,0.0,0.0,41.0,0.6,413,12.0,0,Very High,Very High
C00188,high,Ahmedabad,ads,18,male,2025-11-07,8.0,53878.18,6734.7725,8.0,2025-12-23,8.0,8.0,46.0,4.0,2025-12-29,2.0,0.0,4.0,0.06344827586206897,54,11.0,0,High,Medium
C00189,high,Mumbai,referral,27,female,2024-08-12,57.0,1014730.29,17802.285789473684,50.0,2025-11-09,52.0,57.0,514.0,4.0,2025-12-31,0.0,0.0,52.0,0.7089655172413794,506,15.0,0,Very High,Very High
C00190,medium,Pune,ads,37,male,2024-08-21,25.0,476637.26,19065.4904,23.0,2025-12-19,12.0,25.0,244.0,4.0,2025-12-27,4.0,0.0,21.0,0.33655172413793105,497,6.0,0,Very High,Very High
C00192,medium,Kolkata,organic,44,female,2025-10-25,1.0,3993.7799999999997,3993.7799999999997,1.0,2025-11-20,41.0,1.0,26.0,3.0,2025-12-28,3.0,0.0,0.0,0.03586206896551724,67,5.0,0,Low,Medium
C00194,medium,Mumbai,organic,41,female,2025-11-02,4.0,30349.46,7587.365,4.0,2025-12-05,26.0,4.0,23.0,4.0,2025-12-29,2.0,0.0,3.0,0.031724137931034485,59,2.0,0,Medium,Medium
C00196,low,Mumbai,organic,44,female,2025-04-16,1.0,17755.5,17755.5,1.0,2025-06-10,204.0,1.0,5.0,2.0,2025-06-11,203.0,0.0,0.0,0.006896551724137931,259,0.0,1,Low,Low
C00197,high,Bangalore,referral,19,female,2024-08-20,58.0,1108534.38,19112.661724137928,43.0,2025-12-30,1.0,58.0,486.0,4.0,2025-12-30,1.0,0.0,38.0,0.670344827586207,498,7.0,0,Very High,Very High
C00198,medium,Chennai,organic,38,male,2025-11-22,1.0,5892.48,5892.48,1.0,2025-12-02,29.0,1.0,19.0,4.0,2025-12-29,2.0,0.0,2.0,0.02620689655172414,39,2.0,0,Low,Low
C00199,medium,Ahmedabad,referral,28,female,2024-04-22,15.0,228848.89,15256.592666666667,14.0,2025-10-19,73.0,15.0,295.0,4.0,2025-12-31,0.0,0.0,31.0,0.4068965517241379,618,1.0,0,Very High,Very High
C00200,high,Hyderabad,organic,20,female,2025-05-11,31.0,504063.37,16260.108709677419,26.0,2025-12-19,12.0,31.0,225.0,4.0,2025-12-31,0.0,0.0,18.0,0.3103448275862069,234,11.0,0,Very High,Very High
C00201,medium,Ahmedabad,ads,30,male,2025-03-17,12.0,307904.95999999996,25658.746666666662,11.0,2025-12-27,4.0,12.0,126.0,4.0,2025-12-27,4.0,0.0,11.0,0.17379310344827587,289,4.0,0,Very High,High
C00202,medium,Jaipur,ads,25,female,2025-07-17,4.0,21605.76,5401.44,4.0,2025-12-13,18.0,4.0,89.0,4.0,2025-12-30,1.0,0.0,13.0,0.12275862068965518,167,6.0,0,Medium,Medium
C00204,medium,Hyderabad,referral,40,female,2025-05-24,7.0,196036.29,28005.184285714287,7.0,2025-11-03,58.0,7.0,92.0,4.0,2025-12-31,0.0,0.0,13.0,0.12689655172413794,221,2.0,0,High,Medium
C00205,low,Jaipur,ads,23,female,2025-01-20,1.0,3948.6400000000003,3948.6400000000003,1.0,2025-02-27,307.0,1.0,8.0,3.0,2025-03-26,280.0,0.0,1.0,0.011034482758620689,345,0.0,1,Low,Low
C00206,medium,Bhubaneswar,ads,27,male,2025-01-21,12.0,233231.78,19435.981666666667,12.0,2025-12-08,23.0,12.0,160.0,4.0,2025-12-30,1.0,0.0,18.0,0.2206896551724138,344,3.0,0,Very High,High
C00207,low,Bangalore,referral,31,male,2024-04-22,1.0,17331.96,17331.96,1.0,2024-06-13,566.0,1.0,13.0,4.0,2024-06-28,551.0,0.0,1.0,0.01793103448275862,618,0.0,1,Low,Low
C00208,medium,Mumbai,referral,34,other,2025-09-04,2.0,52501.29,26250.645,2.0,2025-10-09,83.0,2.0,49.0,4.0,2025-12-31,0.0,0.0,6.0,0.06758620689655172,118,3.0,0,Low,Medium
C00210,medium,Ahmedabad,referral,41,male,2024-03-21,24.0,374253.43,15593.892916666666,23.0,2025-12-30,1.0,24.0,292.0,4.0,2025-12-30,1.0,0.0,29.0,0.4027586206896552,650,3.0,0,Very High,Very High
C00212,medium,Jaipur,organic,32,male,2024-04-22,27.0,351560.64,13020.764444444445,25.0,2025-12-31,0.0,27.0,285.0,4.0,2025-12-31,0.0,0.0,33.0,0.3931034482758621,618,5.0,0,Very High,Very High
C00213,medium,Kolkata,ads,18,male,2024-01-02,21.0,393852.85,18754.897619047617,19.0,2025-12-16,15.0,21.0,319.0,4.0,2025-12-26,5.0,0.0,35.0,0.44,729,5.0,0,Very High,Very High
C00214,high,Jaipur,organic,47,female,2025-10-03,10.0,284121.27,28412.127,10.0,2025-12-30,1.0,10.0,78.0,4.0,2025-12-30,1.0,0.0,7.0,0.10758620689655173,89,7.0,0,High,Medium
C00215,high,Bangalore,ads,30,female,2024-08-07,55.0,667689.16,12139.80290909091,38.0,2025-12-30,1.0,55.0,454.0,4.0,2025-12-31,0.0,0.0,45.0,0.6262068965517241,511,7.0,0,Very High,Very High
C00216,high,Mumbai,organic,50,male,2025-07-19,23.0,393976.97,17129.433478260868,23.0,2025-12-19,12.0,23.0,163.0,4.0,2025-12-31,0.0,0.0,18.0,0.22482758620689655,165,7.0,0,Very High,High
C00218,medium,Ahmedabad,referral,55,male,2025-01-19,14.0,175247.58,12517.684285714286,13.0,2025-12-16,15.0,14.0,172.0,4.0,2025-12-30,1.0,0.0,18.0,0.23724137931034484,346,5.0,0,Very High,High
C00219,medium,Kolkata,ads,41,female,2025-02-06,7.0,39864.67,5694.952857142857,7.0,2025-11-08,53.0,7.0,147.0,4.0,2025-12-29,2.0,0.0,20.0,0.20275862068965517,328,2.0,0,High,High
C00221,medium,Bhubaneswar,ads,28,male,2024-05-09,19.0,358217.58,18853.556842105263,18.0,2025-12-27,4.0,19.0,292.0,4.0,2025-12-29,2.0,0.0,28.0,0.4027586206896552,601,3.0,0,Very High,Very High
C00222,medium,Mumbai,organic,33,male,2024-02-22,17.0,169782.28,9987.19294117647,17.0,2025-11-09,52.0,17.0,306.0,4.0,2025-12-30,1.0,0.0,33.0,0.4220689655172414,678,4.0,0,Very High,Very High
C00223,high,Bangalore,organic,26,male,2025-11-14,5.0,49106.10999999999,9821.221999999998,5.0,2025-12-26,5.0,5.0,32.0,4.0,2025-12-30,1.0,0.0,3.0,0.044137931034482755,47,12.0,0,Medium,Medium
C00227,medium,Delhi,organic,37,male,2025-02-19,12.0,287961.36,23996.78,12.0,2025-12-29,2.0,12.0,130.0,4.0,2025-12-29,2.0,0.0,21.0,0.1793103448275862,315,2.0,0,Very High,High
C00229,high,Ahmedabad,ads,54,female,2025-03-14,38.0,494135.36,13003.562105263158,34.0,2025-12-24,7.0,38.0,314.0,4.0,2025-12-31,0.0,0.0,32.0,0.43310344827586206,292,8.0,0,Very High,Very High
C00230,high,Delhi,organic,35,male,2024-07-21,60.0,985565.71,16426.095166666666,48.0,2025-12-14,17.0,60.0,524.0,4.0,2025-12-31,0.0,0.0,54.0,0.7227586206896551,528,6.0,0,Very High,Very High
C00231,high,Delhi,organic,26,female,2024-07-02,64.0,887812.22,13872.0659375,50.0,2025-12-26,5.0,64.0,513.0,4.0,2025-12-30,1.0,0.0,54.0,0.7075862068965517,547,12.0,0,Very High,Very High
C00232,medium,Delhi,referral,18,male,2024-05-02,22.0,166697.71,7577.168636363636,21.0,2025-12-28,3.0,22.0,298.0,4.0,2025-12-31,0.0,0.0,29.0,0.4110344827586207,608,1.0,0,Very High,Very High
C00233,medium,Jaipur,referral,35,male,2025-02-04,12.0,134628.23,11219.019166666667,11.0,2025-12-29,2.0,12.0,163.0,4.0,2025-12-30,1.0,0.0,16.0,0.22482758620689655,330,1.0,0,Very High,High
C00234,medium,Pune,organic,32,male,2024-10-20,15.0,183419.94,12227.996000000001,15.0,2025-12-27,4.0,15.0,220.0,4.0,2025-12-27,4.0,0.0,15.0,0.30344827586206896,437,3.0,0,Very High,Very High
C00235,high,Ahmedabad,ads,42,male,2024-10-06,52.0,1064023.6199999999,20461.99269230769,42.0,2025-12-24,7.0,52.0,458.0,4.0,2025-12-29,2.0,0.0,44.0,0.6317241379310344,451,17.0,0,Very High,Very High
C00236,medium,Bangalore,referral,33,female,2025-09-01,3.0,26471.989999999998,8823.996666666666,3.0,2025-12-16,15.0,3.0,53.0,4.0,2025-12-27,4.0,0.0,3.0,0.07310344827586207,121,2.0,0,Medium,Medium
C00238,medium,Ahmedabad,referral,51,female,2025-05-25,11.0,119677.36,10879.76,10.0,2025-12-10,21.0,11.0,110.0,4.0,2025-12-24,7.0,0.0,9.0,0.15172413793103448,220,4.0,0,Very High,High
C00240,medium,Bangalore,referral,32,male,2025-08-31,6.0,123175.17,20529.195,6.0,2025-12-27,4.0,6.0,53.0,4.0,2025-12-27,4.0,0.0,7.0,0.07310344827586207,122,2.0,0,High,Medium
C00242,medium,Mumbai,organic,39,male,2024-05-03,27.0,274205.52999999997,10155.76037037037,26.0,2025-11-10,51.0,27.0,299.0,4.0,2025-12-31,0.0,0.0,29.0,0.4124137931034483,607,6.0,0,Very High,Very High
C00243,medium,Pune,ads,20,female,2024-07-05,19.0,329158.03,17324.106842105266,17.0,2025-10-30,62.0,19.0,276.0,4.0,2025-12-28,3.0,0.0,41.0,0.38068965517241377,544,3.0,0,Very High,Very High
C00244,medium,Bangalore,ads,36,female,2024-11-21,18.0,244432.91,13579.606111111112,17.0,2025-12-24,7.0,18.0,195.0,4.0,2025-12-29,2.0,0.0,19.0,0.2689655172413793,405,6.0,0,Very High,High
C00245,medium,Pune,referral,30,male,2025-04-08,7.0,143269.51,20467.07285714286,7.0,2025-12-22,9.0,7.0,106.0,4.0,2025-12-29,2.0,0.0,12.0,0.14620689655172414,267,5.0,0,High,High
C00246,low,Chennai,organic,40,female,2024-12-14,2.0,4624.88,2312.44,2.0,2025-03-14,292.0,2.0,31.0,4.0,2025-04-22,253.0,0.0,3.0,0.04275862068965517,382,0.0,1,Low,Medium
C00248,medium,Bhubaneswar,organic,28,male,2025-02-06,14.0,253589.31,18113.522142857142,13.0,2025-11-22,39.0,14.0,148.0,4.0,2025-12-31,0.0,0.0,22.0,0.20413793103448277,328,3.0,0,Very High,High
C00250,medium,Bangalore,organic,47,other,2025-05-25,8.0,59676.439999999995,7459.554999999999,8.0,2025-11-20,41.0,8.0,101.0,4.0,2025-12-28,3.0,0.0,9.0,0.1393103448275862,220,4.0,0,High,High
C00251,medium,Ahmedabad,ads,18,male,2024-05-26,21.0,273467.29,13022.251904761904,20.0,2025-12-25,6.0,21.0,271.0,4.0,2025-12-30,1.0,0.0,24.0,0.3737931034482759,584,5.0,0,Very High,Very High
C00252,medium,Pune,ads,46,male,2024-05-27,20.0,260047.46,13002.373,19.0,2025-12-20,11.0,20.0,250.0,4.0,2025-12-29,2.0,0.0,26.0,0.3448275862068966,583,3.0,0,Very High,Very High
C00253,medium,Chennai,organic,34,male,2025-12-11,1.0,5533.71,5533.71,1.0,2025-12-25,6.0,1.0,5.0,2.0,2025-12-30,1.0,0.0,0.0,0.006896551724137931,20,3.0,0,Low,Low
C00254,medium,Pune,organic,27,male,2025-05-03,11.0,400570.22,36415.47454545454,10.0,2025-12-25,6.0,11.0,98.0,4.0,2025-12-31,0.0,0.0,7.0,0.13517241379310344,242,4.0,0,Very High,Medium
C00255,medium,Jaipur,ads,24,male,2025-10-01,5.0,66591.81,13318.362,5.0,2025-11-17,44.0,5.0,53.0,4.0,2025-12-30,1.0,0.0,4.0,0.07310344827586207,91,0.0,1,Medium,Medium
C00257,medium,Chennai,organic,28,male,2024-12-03,13.0,266569.01,20505.30846153846,13.0,2025-12-24,7.0,13.0,166.0,4.0,2025-12-30,1.0,0.0,21.0,0.2289655172413793,393,12.0,0,Very High,High
C00258,medium,Pune,organic,23,male,2025-10-02,3.0,44679.24,14893.08,3.0,2025-12-12,19.0,3.0,41.0,4.0,2025-12-29,2.0,0.0,3.0,0.05655172413793103,90,5.0,0,Medium,Medium
C00259,medium,Ahmedabad,organic,21,female,2025-04-17,9.0,123315.45000000001,13701.716666666667,9.0,2025-12-27,4.0,9.0,122.0,4.0,2025-12-28,3.0,0.0,12.0,0.16827586206896553,258,5.0,0,High,High
C00262,medium,Delhi,organic,35,female,2024-10-24,18.0,231202.34999999998,12844.574999999999,17.0,2025-12-20,11.0,18.0,214.0,4.0,2025-12-31,0.0,0.0,27.0,0.29517241379310344,433,5.0,0,Very High,Very High
C00263,low,Bhubaneswar,ads,40,male,2025-09-02,1.0,4520.25,4520.25,1.0,2025-09-06,116.0,1.0,12.0,3.0,2025-11-12,49.0,0.0,2.0,0.016551724137931035,120,0.0,1,Low,Low
C00264,medium,Bangalore,ads,34,female,2024-09-19,19.0,282521.43,14869.548947368421,17.0,2025-12-30,1.0,19.0,201.0,4.0,2025-12-30,1.0,0.0,19.0,0.2772413793103448,468,2.0,0,Very High,Very High
C00265,medium,Mumbai,organic,21,male,2024-05-23,21.0,471157.77,22436.084285714285,21.0,2025-09-19,103.0,21.0,278.0,4.0,2025-12-31,0.0,0.0,29.0,0.383448275862069,587,3.0,0,Very High,Very High
C00266,high,Kolkata,referral,39,female,2024-12-11,47.0,895588.84,19055.08170212766,40.0,2025-12-13,18.0,47.0,387.0,4.0,2025-12-31,0.0,0.0,33.0,0.5337931034482759,385,9.0,0,Very High,Very High
C00267,medium,Bangalore,ads,24,female,2025-09-15,3.0,105269.74999999999,35089.916666666664,2.0,2025-12-23,8.0,3.0,54.0,4.0,2025-12-30,1.0,0.0,3.0,0.07448275862068965,107,3.0,0,Medium,Medium
C00268,medium,Chennai,ads,41,female,2025-07-25,5.0,14642.37,2928.474,5.0,2025-11-09,52.0,5.0,85.0,4.0,2025-12-28,3.0,0.0,19.0,0.11724137931034483,159,2.0,0,Medium,Medium
C00269,low,Bhubaneswar,organic,23,female,2024-01-02,4.0,40173.58,10043.395,4.0,2025-02-25,309.0,4.0,80.0,4.0,2025-03-20,286.0,0.0,7.0,0.1103448275862069,729,0.0,1,Medium,Medium
C00270,medium,Jaipur,referral,28,female,2024-10-30,14.0,321163.69,22940.26357142857,13.0,2025-12-19,12.0,14.0,214.0,4.0,2025-12-30,1.0,0.0,27.0,0.29517241379310344,427,3.0,0,Very High,Very High
C00271,low,Bhubaneswar,organic,31,male,2024-09-10,1.0,2607.75,2607.75,1.0,2024-11-24,402.0,1.0,20.0,4.0,2024-12-27,369.0,0.0,1.0,0.027586206896551724,477,0.0,1,Low,Low
C00272,medium,Pune,organic,41,female,2025-10-13,3.0,16993.11,5664.37,3.0,2025-12-04,27.0,3.0,38.0,4.0,2025-12-31,0.0,0.0,5.0,0.05241379310344828,79,1.0,0,Medium,Medium
C00273,medium,Bhubaneswar,organic,36,male,2025-03-28,10.0,144001.75999999998,14400.175999999998,10.0,2025-11-16,45.0,10.0,126.0,4.0,2025-12-24,7.0,0.0,14.0,0.17379310344827587,278,2.0,0,High,High
C00274,medium,Chennai,ads,35,male,2024-02-06,29.0,365226.99,12594.034137931034,24.0,2025-12-12,19.0,29.0,310.0,4.0,2025-12-27,4.0,0.0,33.0,0.42758620689655175,694,3.0,0,Very High,Very High
C00275,high,Jaipur,ads,53,male,2024-06-08,67.0,1658547.03,24754.43328358209,53.0,2025-12-31,0.0,67.0,556.0,4.0,2025-12-31,0.0,0.0,57.0,0.766896551724138,571,15.0,0,Very High,Very High
C00276,medium,Jaipur,ads,18,female,2024-01-09,21.0,359240.65,17106.69761904762,19.0,2025-12-15,16.0,21.0,329.0,4.0,2025-12-30,1.0,0.0,31.0,0.45379310344827584,722,3.0,0,Very High,Very High
C00277,high,Hyderabad,organic,24,male,2024-08-20,62.0,992052.57,16000.847903225806,49.0,2025-12-30,1.0,62.0,502.0,4.0,2025-12-31,0.0,0.0,63.0,0.6924137931034483,498,13.0,0,Very High,Very High
C00278,medium,Bhubaneswar,ads,24,female,2024-04-08,23.0,393266.30999999994,17098.5352173913,19.0,2025-11-11,50.0,23.0,279.0,4.0,2025-12-30,1.0,0.0,26.0,0.38482758620689655,632,7.0,0,Very High,Very High
C00279,medium,Delhi,ads,18,female,2025-10-20,5.0,191592.16999999998,38318.433999999994,5.0,2025-11-26,35.0,5.0,38.0,4.0,2025-12-29,2.0,0.0,3.0,0.05241379310344828,72,3.0,0,Medium,Medium
C00281,medium,Hyderabad,referral,41,male,2024-05-10,22.0,248094.36000000002,11277.016363636365,19.0,2025-10-19,73.0,22.0,284.0,4.0,2025-12-31,0.0,0.0,27.0,0.3917241379310345,600,5.0,0,Very High,Very High
C00282,high,Chennai,organic,29,other,2025-02-07,25.0,761878.1,30475.124,22.0,2025-12-31,0.0,25.0,331.0,4.0,2025-12-31,0.0,0.0,33.0,0.45655172413793105,327,12.0,0,Very High,Very High
C00283,medium,Kolkata,ads,31,female,2024-05-31,15.0,98133.68000000001,6542.245333333334,15.0,2025-10-22,70.0,15.0,284.0,4.0,2025-12-28,3.0,0.0,30.0,0.3917241379310345,579,4.0,0,Very High,Very High
C00286,medium,Bhubaneswar,referral,30,male,2025-11-03,2.0,20551.719999999998,10275.859999999999,2.0,2025-12-04,27.0,2.0,19.0,2.0,2025-12-30,1.0,0.0,0.0,0.02620689655172414,58,2.0,0,Low,Low
C00287,medium,Hyderabad,referral,41,male,2025-09-19,4.0,100012.8,25003.2,4.0,2025-12-24,7.0,4.0,42.0,4.0,2025-12-30,1.0,0.0,6.0,0.057931034482758624,103,2.0,0,Medium,Medium
C00288,high,Bangalore,organic,18,male,2025-08-09,13.0,492945.92,37918.91692307692,13.0,2025-12-21,10.0,13.0,158.0,4.0,2025-12-31,0.0,0.0,18.0,0.21793103448275863,144,8.0,0,Very High,High
C00290,medium,Hyderabad,organic,45,female,2025-02-23,16.0,434037.16,27127.3225,15.0,2025-11-06,55.0,16.0,136.0,4.0,2025-12-27,4.0,0.0,13.0,0.18758620689655173,311,3.0,0,Very High,High
C00291,medium,Pune,referral,30,female,2025-02-25,13.0,321818.57,24755.274615384616,13.0,2025-11-30,31.0,13.0,151.0,4.0,2025-12-28,3.0,0.0,15.0,0.2082758620689655,309,6.0,0,Very High,High
C00292,medium,Bhubaneswar,ads,18,male,2024-04-13,21.0,413331.76999999996,19682.465238095236,21.0,2025-12-10,21.0,21.0,285.0,4.0,2025-12-27,4.0,0.0,36.0,0.3931034482758621,627,4.0,0,Very High,Very High
C00293,high,Chennai,organic,47,male,2024-09-10,67.0,1021383.51,15244.53,52.0,2025-12-27,4.0,67.0,507.0,4.0,2025-12-31,0.0,0.0,46.0,0.6993103448275862,477,8.0,0,Very High,Very High
C00295,high,Hyderabad,referral,43,female,2024-04-21,71.0,1096010.33,15436.765211267606,52.0,2025-11-19,42.0,71.0,613.0,4.0,2025-12-30,1.0,0.0,81.0,0.8455172413793104,619,4.0,0,Very High,Very High
C00296,medium,Delhi,ads,18,male,2025-05-24,9.0,304420.61,33824.51222222222,9.0,2025-11-30,31.0,9.0,94.0,4.0,2025-12-31,0.0,0.0,9.0,0.1296551724137931,221,6.0,0,High,Medium
C00297,medium,Hyderabad,organic,50,female,2025-04-17,11.0,205922.38,18720.216363636366,10.0,2025-11-09,52.0,11.0,126.0,4.0,2025-12-30,1.0,0.0,13.0,0.17379310344827587,258,2.0,0,Very High,High
C00299,low,Jaipur,organic,29,female,2024-06-01,4.0,35038.98,8759.745,4.0,2025-10-01,91.0,4.0,110.0,4.0,2025-12-29,2.0,0.0,7.0,0.15172413793103448,578,0.0,1,Medium,High
C00300,medium,Kolkata,ads,27,female,2024-12-03,15.0,266105.86,17740.390666666666,15.0,2025-12-14,17.0,15.0,190.0,4.0,2025-12-31,0.0,0.0,19.0,0.2620689655172414,393,1.0,0,Very High,High
C00302,low,Delhi,referral,33,male,2024-06-11,1.0,2630.4,2630.4,1.0,2024-06-19,560.0,1.0,17.0,4.0,2024-08-31,487.0,0.0,1.0,0.023448275862068966,568,0.0,1,Low,Low
C00305,medium,Mumbai,ads,34,male,2024-06-09,21.0,400911.26,19091.012380952383,19.0,2025-12-26,5.0,21.0,275.0,4.0,2025-12-26,5.0,0.0,26.0,0.3793103448275862,570,2.0,0,Very High,Very High
C00307,medium,Bangalore,referral,53,male,2025-02-01,15.0,387547.0,25836.466666666667,13.0,2025-12-24,7.0,15.0,157.0,4.0,2025-12-29,2.0,0.0,23.0,0.21655172413793103,333,3.0,0,Very High,High
C00308,low,Pune,organic,20,other,2024-10-03,1.0,4071.5399999999995,4071.5399999999995,1.0,2025-09-20,102.0,1.0,70.0,4.0,2025-12-31,0.0,0.0,7.0,0.09655172413793103,454,0.0,1,Low,Medium
C00309,medium,Jaipur,organic,39,male,2025-05-18,11.0,224044.41,20367.673636363637,11.0,2025-12-20,11.0,11.0,106.0,4.0,2025-12-28,3.0,0.0,7.0,0.14620689655172414,227,4.0,0,Very High,High
C00310,medium,Mumbai,referral,38,female,2025-01-26,8.0,86639.79,10829.97375,8.0,2025-11-12,49.0,8.0,172.0,4.0,2025-12-28,3.0,0.0,18.0,0.23724137931034484,339,3.0,0,High,High
C00311,medium,Ahmedabad,organic,46,male,2024-05-14,19.0,282068.03,14845.685789473686,17.0,2025-11-27,34.0,19.0,252.0,4.0,2025-12-29,2.0,0.0,20.0,0.34758620689655173,596,2.0,0,Very High,Very High
C00312,medium,Mumbai,ads,48,male,2024-07-13,15.0,295569.58,19704.63866666667,15.0,2025-12-02,29.0,15.0,223.0,4.0,2025-12-25,6.0,0.0,27.0,0.30758620689655175,536,1.0,0,Very High,Very High
C00313,medium,Chennai,referral,33,female,2025-02-04,10.0,112604.38999999998,11260.438999999998,9.0,2025-11-22,39.0,10.0,166.0,4.0,2025-12-31,0.0,0.0,20.0,0.2289655172413793,330,1.0,0,High,High
C00314,medium,Bhubaneswar,ads,40,male,2025-10-01,3.0,35390.39,11796.796666666667,3.0,2025-11-18,43.0,3.0,50.0,4.0,2025-12-30,1.0,0.0,7.0,0.06896551724137931,91,1.0,0,Medium,Medium
C00315,high,Jaipur,organic,52,female,2024-02-02,79.0,1619273.4,20497.131645569618,58.0,2025-12-28,3.0,79.0,641.0,4.0,2025-12-30,1.0,0.0,67.0,0.8841379310344828,698,14.0,0,Very High,Very High
C00318,medium,Mumbai,ads,31,male,2025-04-14,10.0,113224.3,11322.43,10.0,2025-12-25,6.0,10.0,101.0,4.0,2025-12-29,2.0,0.0,11.0,0.1393103448275862,261,6.0,0,High,High
C00319,medium,Ahmedabad,ads,21,female,2025-01-09,10.0,63363.4,6336.34,10.0,2025-11-24,37.0,10.0,142.0,4.0,2025-12-26,5.0,0.0,12.0,0.19586206896551725,356,4.0,0,High,High
C00320,high,Bangalore,ads,38,male,2024-01-22,74.0,1099326.92,14855.769189189188,56.0,2025-12-31,0.0,74.0,712.0,4.0,2025-12-31,0.0,0.0,69.0,0.9820689655172414,709,5.0,0,Very High,Very High
C00321,medium,Bhubaneswar,ads,45,female,2025-10-31,2.0,27672.489999999998,13836.244999999999,2.0,2025-12-18,13.0,2.0,28.0,4.0,2025-12-28,3.0,0.0,1.0,0.038620689655172416,61,2.0,0,Low,Medium
C00322,low,Mumbai,ads,33,female,2024-02-07,4.0,58773.45,14693.3625,4.0,2024-12-22,374.0,4.0,58.0,4.0,2025-01-29,336.0,0.0,7.0,0.08,693,0.0,1,Medium,Medium
C00323,high,Bangalore,ads,18,male,2024-08-17,54.0,1228048.73,22741.64314814815,44.0,2025-12-30,1.0,54.0,482.0,4.0,2025-12-31,0.0,0.0,49.0,0.6648275862068965,501,4.0,0,Very High,Very High
C00324,high,Delhi,referral,45,male,2024-12-30,29.0,1128753.43,38922.53206896551,26.0,2025-12-16,15.0,29.0,329.0,4.0,2025-12-29,2.0,0.0,31.0,0.45379310344827584,366,7.0,0,Very High,Very High
C00326,medium,Pune,referral,19,female,2025-03-13,7.0,177123.04,25303.29142857143,7.0,2025-11-08,53.0,7.0,134.0,4.0,2025-12-29,2.0,0.0,13.0,0.18482758620689654,293,3.0,0,High,High
C00327,high,Kolkata,ads,33,male,2024-10-09,52.0,972075.08,18693.751538461536,45.0,2025-12-27,4.0,52.0,443.0,4.0,2025-12-29,2.0,0.0,45.0,0.6110344827586207,448,10.0,0,Very High,Very High
C00328,medium,Delhi,organic,37,female,2024-01-27,23.0,408386.28,17755.925217391305,22.0,2025-12-06,25.0,23.0,305.0,4.0,2025-12-16,15.0,0.0,29.0,0.4206896551724138,704,5.0,0,Very High,Very High
C00329,medium,Bangalore,organic,39,female,2024-08-13,13.0,117900.48000000001,9069.267692307692,12.0,2025-12-24,7.0,13.0,241.0,4.0,2025-12-30,1.0,0.0,21.0,0.33241379310344826,505,8.0,0,Very High,Very High
C00330,medium,Ahmedabad,organic,34,female,2024-10-03,18.0,364437.36,20246.52,18.0,2025-12-05,26.0,18.0,206.0,4.0,2025-12-28,3.0,0.0,17.0,0.28413793103448276,454,4.0,0,Very High,Very High
C00333,medium,Kolkata,referral,45,female,2025-04-25,5.0,32598.97,6519.794,5.0,2025-12-23,8.0,5.0,109.0,4.0,2025-12-31,0.0,0.0,20.0,0.1503448275862069,250,1.0,0,Medium,High
C00335,medium,Chennai,referral,22,male,2025-10-20,6.0,67013.75,11168.958333333334,6.0,2025-12-28,3.0,6.0,29.0,4.0,2025-12-30,1.0,0.0,4.0,0.04,72,3.0,0,High,Medium
C00337,medium,Chennai,organic,56,female,2025-06-30,8.0,265376.3,33172.0375,8.0,2025-12-01,30.0,8.0,81.0,4.0,2025-12-22,9.0,0.0,8.0,0.11172413793103449,184,1.0,0,High,Medium
C00339,low,Mumbai,organic,28,male,2024-02-18,1.0,7216.8,7216.8,1.0,2024-04-01,639.0,1.0,14.0,4.0,2024-04-19,621.0,0.0,3.0,0.019310344827586208,682,0.0,1,Low,Low
C00340,high,Delhi,referral,36,male,2025-05-26,22.0,229715.27,10441.603181818182,20.0,2025-12-31,0.0,22.0,230.0,4.0,2025-12-31,0.0,0.0,24.0,0.31724137931034485,219,13.0,0,Very High,Very High
C00341,low,Mumbai,organic,30,female,2024-01-17,1.0,89517.78,89517.78,1.0,2024-02-28,672.0,1.0,13.0,4.0,2024-03-28,643.0,0.0,2.0,0.01793103448275862,714,0.0,1,Low,Low
C00344,medium,Chennai,ads,49,male,2024-06-06,23.0,422574.1,18372.786956521737,19.0,2025-11-07,54.0,23.0,256.0,4.0,2025-12-25,6.0,0.0,29.0,0.35310344827586204,573,4.0,0,Very High,Very High
C00345,low,Chennai,referral,33,female,2025-04-21,1.0,4046.7,4046.7,1.0,2025-06-04,210.0,1.0,19.0,4.0,2025-07-31,153.0,0.0,2.0,0.02620689655172414,254,0.0,1,Low,Low
C00347,medium,Jaipur,ads,19,female,2025-01-07,8.0,253282.66999999998,31660.333749999998,8.0,2025-11-12,49.0,8.0,143.0,4.0,2025-12-28,3.0,0.0,12.0,0.19724137931034483,358,3.0,0,High,High
C00348,low,Pune,organic,57,female,2025-06-01,2.0,5384.88,2692.44,2.0,2025-09-04,118.0,2.0,42.0,4.0,2025-12-26,5.0,0.0,2.0,0.057931034482758624,213,0.0,1,Low,Medium
C00349,high,Ahmedabad,referral,32,male,2024-04-08,66.0,1054488.6,15977.100000000002,49.0,2025-12-24,7.0,66.0,593.0,4.0,2025-12-31,0.0,0.0,58.0,0.8179310344827586,632,9.0,0,Very High,Very High
C00350,high,Pune,ads,39,female,2024-02-06,80.0,1476823.08,18460.288500000002,54.0,2025-11-26,35.0,80.0,712.0,4.0,2025-12-31,0.0,0.0,58.0,0.9820689655172414,694,13.0,0,Very High,Very High
C00351,medium,Mumbai,ads,27,female,2024-10-06,26.0,554686.25,21334.08653846154,23.0,2025-12-29,2.0,26.0,220.0,4.0,2025-12-30,1.0,0.0,23.0,0.30344827586206896,451,5.0,0,Very High,Very High
C00352,medium,Hyderabad,ads,38,female,2024-12-14,18.0,274451.55,15247.308333333332,18.0,2025-12-07,24.0,18.0,172.0,4.0,2025-12-28,3.0,0.0,16.0,0.23724137931034484,382,4.0,0,Very High,High
C00353,medium,Ahmedabad,referral,49,male,2025-05-11,5.0,186424.3,37284.86,5.0,2025-12-05,26.0,5.0,109.0,4.0,2025-12-30,1.0,0.0,7.0,0.1503448275862069,234,1.0,0,Medium,High
C00354,high,Pune,ads,28,male,2024-10-28,39.0,730069.3,18719.72564102564,33.0,2025-12-31,0.0,39.0,391.0,4.0,2025-12-31,0.0,0.0,32.0,0.5393103448275862,429,9.0,0,Very High,Very High
C00355,low,Mumbai,ads,39,female,2024-06-29,1.0,21499.14,21499.14,1.0,2024-07-28,521.0,1.0,11.0,4.0,2024-07-29,520.0,0.0,1.0,0.015172413793103448,550,0.0,1,Low,Low
C00356,high,Bangalore,ads,20,female,2025-08-29,13.0,177825.18,13678.859999999999,12.0,2025-12-29,2.0,13.0,119.0,4.0,2025-12-29,2.0,0.0,10.0,0.16413793103448276,124,10.0,0,Very High,High
C00357,high,Bhubaneswar,organic,55,female,2024-04-08,61.0,1483576.9,24320.932786885245,48.0,2025-12-23,8.0,61.0,576.0,4.0,2025-12-30,1.0,0.0,48.0,0.7944827586206896,632,13.0,0,Very High,Very High
C00358,high,Ahmedabad,ads,37,female,2025-11-30,2.0,51487.47,25743.735,2.0,2025-12-12,19.0,2.0,24.0,4.0,2025-12-30,1.0,0.0,2.0,0.03310344827586207,31,8.0,0,Low,Medium
C00359,medium,Kolkata,ads,30,male,2024-04-25,28.0,376095.45999999996,13431.980714285713,27.0,2025-12-24,7.0,28.0,289.0,4.0,2025-12-24,7.0,0.0,30.0,0.3986206896551724,615,2.0,0,Very High,Very High
C00361,medium,Mumbai,ads,29,female,2024-09-09,17.0,277745.97,16337.998235294115,16.0,2025-12-20,11.0,17.0,238.0,4.0,2025-12-26,5.0,0.0,29.0,0.32827586206896553,478,1.0,0,Very High,Very High
C00362,low,Chennai,organic,30,female,2024-06-09,2.0,39624.450000000004,19812.225000000002,2.0,2024-09-04,483.0,2.0,36.0,4.0,2025-01-22,343.0,0.0,6.0,0.0496551724137931,570,0.0,1,Low,Medium
C00363,high,Mumbai,ads,18,female,2024-09-12,55.0,1209230.8399999999,21986.01527272727,47.0,2025-12-30,1.0,55.0,441.0,4.0,2025-12-30,1.0,0.0,43.0,0.6082758620689656,475,13.0,0,Very High,Very High
C00364,medium,Delhi,referral,34,male,2024-11-18,21.0,410728.44,19558.497142857144,20.0,2025-12-10,21.0,21.0,207.0,4.0,2025-12-29,2.0,0.0,27.0,0.28551724137931034,408,2.0,0,Very High,Very High
C00365,medium,Chennai,referral,33,female,2024-05-07,26.0,341507.23,13134.89346153846,24.0,2025-11-21,40.0,26.0,294.0,4.0,2025-12-20,11.0,0.0,19.0,0.40551724137931033,603,4.0,0,Very High,Very High
C00366,medium,Mumbai,organic,39,male,2024-01-18,28.0,275573.05,9841.894642857142,26.0,2025-11-30,31.0,28.0,309.0,4.0,2025-12-31,0.0,0.0,31.0,0.4262068965517241,713,2.0,0,Very High,Very High
C00367,high,Pune,ads,29,other,2025-07-19,18.0,178695.24,9927.513333333332,18.0,2025-12-30,1.0,18.0,151.0,4.0,2025-12-31,0.0,0.0,15.0,0.2082758620689655,165,7.0,0,Very High,High
C00368,medium,Bhubaneswar,referral,27,female,2025-07-23,7.0,72247.72,10321.102857142858,6.0,2025-11-29,32.0,7.0,69.0,4.0,2025-12-31,0.0,0.0,6.0,0.09517241379310344,161,7.0,0,High,Medium
C00369,medium,Mumbai,ads,34,female,2024-11-18,10.0,269986.17,26998.617,9.0,2025-10-27,65.0,10.0,185.0,4.0,2025-12-27,4.0,0.0,16.0,0.25517241379310346,408,2.0,0,High,High
C00371,medium,Kolkata,referral,36,male,2025-09-17,5.0,153499.08,30699.816,5.0,2025-12-07,24.0,5.0,63.0,4.0,2025-12-31,0.0,0.0,8.0,0.08689655172413793,105,5.0,0,Medium,Medium
C00372,high,Delhi,ads,18,male,2024-10-14,43.0,667277.66,15518.085116279071,35.0,2025-12-30,1.0,43.0,408.0,4.0,2025-12-30,1.0,0.0,46.0,0.5627586206896552,443,12.0,0,Very High,Very High
C00373,medium,Bangalore,ads,46,female,2025-10-24,2.0,18147.86,9073.93,2.0,2025-12-26,5.0,2.0,27.0,4.0,2025-12-26,5.0,0.0,3.0,0.037241379310344824,68,3.0,0,Low,Medium
C00374,high,Delhi,organic,41,male,2025-09-30,4.0,172858.47,43214.6175,4.0,2025-11-22,39.0,4.0,98.0,4.0,2025-12-31,0.0,0.0,9.0,0.13517241379310344,92,10.0,0,Medium,Medium
C00375,low,Chennai,organic,25,male,2024-06-03,3.0,13915.48,4638.493333333333,3.0,2024-08-09,509.0,3.0,17.0,4.0,2024-08-24,494.0,0.0,1.0,0.023448275862068966,576,0.0,1,Medium,Low
C00376,medium,Bhubaneswar,organic,41,female,2025-05-04,7.0,85943.91,12277.701428571429,7.0,2025-12-18,13.0,7.0,103.0,4.0,2025-12-30,1.0,0.0,5.0,0.14206896551724138,241,2.0,0,High,High
C00377,high,Delhi,referral,36,female,2025-01-20,47.0,730765.9,15548.210638297873,40.0,2025-12-14,17.0,47.0,365.0,4.0,2025-12-31,0.0,0.0,33.0,0.503448275862069,345,10.0,0,Very High,Very High
C00378,low,Ahmedabad,ads,24,male,2024-04-13,3.0,12166.9,4055.633333333333,3.0,2024-09-13,474.0,3.0,45.0,4.0,2025-02-13,321.0,0.0,6.0,0.06206896551724138,627,0.0,1,Medium,Medium
C00379,medium,Bangalore,ads,18,male,2025-01-27,13.0,291089.77999999997,22391.521538461537,12.0,2025-09-27,95.0,13.0,150.0,4.0,2025-12-27,4.0,0.0,11.0,0.20689655172413793,338,2.0,0,Very High,High
C00380,high,Chennai,referral,38,male,2024-09-02,49.0,969787.75,19791.586734693876,44.0,2025-12-01,30.0,49.0,474.0,4.0,2025-12-31,0.0,0.0,59.0,0.6537931034482759,485,7.0,0,Very High,Very High
C00381,medium,Ahmedabad,ads,27,female,2024-06-24,30.0,532733.38,17757.779333333332,29.0,2025-12-26,5.0,30.0,246.0,4.0,2025-12-31,0.0,0.0,16.0,0.3393103448275862,555,3.0,0,Very High,Very High
C00382,medium,Chennai,ads,45,male,2024-02-08,31.0,809432.36,26110.72129032258,27.0,2025-12-22,9.0,31.0,327.0,4.0,2025-12-29,2.0,0.0,28.0,0.4510344827586207,692,4.0,0,Very High,Very High
C00386,medium,Pune,organic,40,male,2025-02-11,10.0,130624.42,13062.442,10.0,2025-12-25,6.0,10.0,153.0,4.0,2025-12-26,5.0,0.0,14.0,0.2110344827586207,323,5.0,0,High,High
C00387,medium,Delhi,organic,18,female,2025-06-08,5.0,44659.3,8931.86,5.0,2025-10-24,68.0,5.0,92.0,4.0,2025-12-29,2.0,0.0,11.0,0.12689655172413794,206,5.0,0,Medium,Medium
C00389,high,Ahmedabad,organic,21,female,2024-02-05,86.0,1373812.19,15974.560348837209,61.0,2025-12-25,6.0,86.0,686.0,4.0,2025-12-29,2.0,0.0,64.0,0.9462068965517242,695,4.0,0,Very High,Very High
C00390,medium,Jaipur,ads,27,female,2025-11-15,2.0,48429.70999999999,24214.854999999996,2.0,2025-12-03,28.0,2.0,18.0,4.0,2025-12-27,4.0,0.0,1.0,0.02482758620689655,46,5.0,0,Low,Low
C00391,medium,Bhubaneswar,organic,33,male,2024-01-20,25.0,515220.22,20608.8088,22.0,2025-12-31,0.0,25.0,293.0,4.0,2025-12-31,0.0,0.0,27.0,0.40413793103448276,711,2.0,0,Very High,Very High
C00392,high,Kolkata,ads,38,male,2024-11-16,44.0,692814.6399999999,15745.78727272727,39.0,2025-12-11,20.0,44.0,376.0,4.0,2025-12-29,2.0,0.0,36.0,0.5186206896551724,410,9.0,0,Very High,Very High
C00393,medium,Delhi,organic,37,female,2025-05-26,7.0,169779.76,24254.25142857143,7.0,2025-12-04,27.0,7.0,113.0,4.0,2025-12-30,1.0,0.0,8.0,0.15586206896551724,219,1.0,0,High,High
C00394,low,Jaipur,organic,45,male,2025-02-03,2.0,9757.240000000002,4878.620000000001,2.0,2025-08-15,138.0,2.0,65.0,4.0,2025-12-22,9.0,0.0,6.0,0.0896551724137931,331,0.0,1,Low,Medium
C00396,high,Bangalore,referral,40,male,2025-04-15,45.0,813821.72,18084.927111111112,42.0,2025-12-27,4.0,45.0,258.0,4.0,2025-12-31,0.0,0.0,28.0,0.35586206896551725,260,12.0,0,Very High,Very High
C00397,high,Hyderabad,referral,37,female,2024-05-22,67.0,1130715.88,16876.356417910447,50.0,2025-12-24,7.0,67.0,567.0,4.0,2025-12-29,2.0,0.0,63.0,0.7820689655172414,588,15.0,0,Very High,Very High
C00398,medium,Chennai,referral,47,female,2024-04-01,23.0,476245.95999999996,20706.34608695652,20.0,2025-12-10,21.0,23.0,265.0,4.0,2025-12-31,0.0,0.0,25.0,0.36551724137931035,639,0.0,1,Very High,Very High
C00400,high,Mumbai,ads,32,female,2025-12-27,1.0,146085.38999999998,146085.38999999998,1.0,2025-12-27,4.0,1.0,3.0,2.0,2025-12-29,2.0,0.0,0.0,0.004137931034482759,4,9.0,0,Low,Low
C00401,low,Bangalore,ads,18,male,2024-02-20,1.0,6053.37,6053.37,1.0,2024-03-02,669.0,1.0,9.0,3.0,2024-03-29,642.0,0.0,0.0,0.012413793103448275,680,0.0,1,Low,Low
C00402,high,Hyderabad,ads,45,female,2025-10-26,10.0,161818.86000000002,16181.886000000002,8.0,2025-12-17,14.0,10.0,74.0,4.0,2025-12-31,0.0,0.0,8.0,0.10206896551724139,66,14.0,0,High,Medium
C00403,medium,Mumbai,organic,34,male,2025-11-28,1.0,35946.1,35946.1,1.0,2025-12-04,27.0,1.0,14.0,3.0,2025-12-28,3.0,0.0,1.0,0.019310344827586208,33,3.0,0,Low,Low
C00404,medium,Kolkata,ads,64,male,2025-07-28,4.0,125228.4,31307.1,4.0,2025-12-20,11.0,4.0,74.0,4.0,2025-12-29,2.0,0.0,10.0,0.10206896551724139,156,3.0,0,Medium,Medium
C00405,low,Mumbai,organic,30,female,2024-07-08,1.0,900.0,900.0,1.0,2024-08-20,498.0,1.0,34.0,4.0,2025-02-28,306.0,0.0,3.0,0.04689655172413793,541,0.0,1,Low,Medium
C00406,medium,Ahmedabad,ads,35,male,2024-05-04,18.0,317238.6,17624.366666666665,16.0,2025-10-31,61.0,18.0,281.0,4.0,2025-12-30,1.0,0.0,30.0,0.3875862068965517,606,5.0,0,Very High,Very High
C00407,medium,Bangalore,ads,40,male,2024-05-29,20.0,312477.69,15623.8845,17.0,2025-10-25,67.0,20.0,256.0,4.0,2025-12-30,1.0,0.0,19.0,0.35310344827586204,581,4.0,0,Very High,Very High
C00408,medium,Jaipur,organic,23,female,2024-11-09,15.0,324712.82,21647.521333333334,13.0,2025-11-15,46.0,15.0,197.0,4.0,2025-12-31,0.0,0.0,23.0,0.2717241379310345,417,7.0,0,Very High,High
C00409,low,Jaipur,organic,38,female,2025-07-23,1.0,2820.0,2820.0,1.0,2025-07-24,160.0,1.0,9.0,3.0,2025-08-30,123.0,0.0,1.0,0.012413793103448275,161,0.0,1,Low,Low
C00411,high,Delhi,referral,31,female,2024-10-31,49.0,930351.37,18986.762653061225,42.0,2025-12-27,4.0,49.0,410.0,4.0,2025-12-30,1.0,0.0,35.0,0.5655172413793104,426,13.0,0,Very High,Very High
C00412,low,Jaipur,organic,46,female,2025-11-22,1.0,20544.030000000002,20544.030000000002,1.0,2025-12-13,18.0,1.0,8.0,3.0,2025-12-31,0.0,0.0,0.0,0.011034482758620689,39,0.0,1,Low,Low
C00413,medium,Bangalore,organic,25,male,2025-11-12,1.0,241.79999999999998,241.79999999999998,1.0,2025-12-12,19.0,1.0,20.0,4.0,2025-12-24,7.0,0.0,2.0,0.027586206896551724,49,5.0,0,Low,Low
C00414,high,Bhubaneswar,referral,37,male,2024-02-23,73.0,1210540.2,16582.742465753425,53.0,2025-12-25,6.0,73.0,661.0,4.0,2025-12-30,1.0,0.0,65.0,0.9117241379310345,677,10.0,0,Very High,Very High
C00415,medium,Chennai,ads,49,male,2025-03-19,8.0,162859.40000000002,20357.425000000003,8.0,2025-12-14,17.0,8.0,104.0,4.0,2025-12-25,6.0,0.0,11.0,0.14344827586206896,287,2.0,0,High,High
C00416,high,Bhubaneswar,organic,27,male,2025-09-04,15.0,399464.25,26630.95,15.0,2025-12-05,26.0,15.0,126.0,4.0,2025-12-31,0.0,0.0,15.0,0.17379310344827587,118,10.0,0,Very High,High
C00419,high,Ahmedabad,organic,39,male,2025-07-25,18.0,282683.01,15704.611666666668,17.0,2025-12-22,9.0,18.0,150.0,4.0,2025-12-31,0.0,0.0,13.0,0.20689655172413793,159,9.0,0,Very High,High
C00420,medium,Pune,organic,29,male,2025-09-11,6.0,40987.259999999995,6831.209999999999,6.0,2025-12-26,5.0,6.0,50.0,4.0,2025-12-31,0.0,0.0,5.0,0.06896551724137931,111,2.0,0,High,Medium
C00421,low,Bangalore,ads,43,male,2024-01-05,1.0,2945.25,2945.25,1.0,2024-01-27,704.0,1.0,13.0,3.0,2024-03-11,660.0,0.0,0.0,0.01793103448275862,726,0.0,1,Low,Low
C00423,medium,Bhubaneswar,ads,19,male,2024-07-14,24.0,456999.75999999995,19041.656666666666,23.0,2025-12-03,28.0,24.0,222.0,4.0,2025-12-25,6.0,0.0,21.0,0.3062068965517241,535,2.0,0,Very High,Very High
C00424,low,Delhi,ads,48,male,2024-12-15,2.0,95531.12,47765.56,2.0,2025-07-17,167.0,2.0,47.0,4.0,2025-10-23,69.0,0.0,4.0,0.06482758620689655,381,0.0,1,Low,Medium
C00425,medium,Bangalore,organic,23,other,2024-02-16,28.0,412296.39,14724.871071428572,25.0,2025-12-28,3.0,28.0,314.0,4.0,2025-12-31,0.0,0.0,31.0,0.43310344827586206,684,2.0,0,Very High,Very High
C00426,medium,Chennai,organic,59,female,2025-10-17,3.0,42387.509999999995,14129.169999999998,3.0,2025-11-16,45.0,3.0,38.0,4.0,2025-12-29,2.0,0.0,4.0,0.05241379310344828,75,2.0,0,Medium,Medium
C00428,medium,Bangalore,organic,56,female,2025-01-04,16.0,502542.33999999997,31408.896249999998,15.0,2025-11-13,48.0,16.0,181.0,4.0,2025-12-29,2.0,0.0,21.0,0.2496551724137931,361,6.0,0,Very High,High
C00429,medium,Kolkata,referral,21,female,2025-09-27,4.0,58726.270000000004,14681.567500000001,4.0,2025-12-02,29.0,4.0,40.0,4.0,2025-12-25,6.0,0.0,1.0,0.05517241379310345,95,5.0,0,Medium,Medium
C00430,medium,Chennai,ads,45,male,2024-04-15,30.0,409160.64,13638.688,26.0,2025-11-09,52.0,30.0,294.0,4.0,2025-12-31,0.0,0.0,28.0,0.40551724137931033,625,5.0,0,Very High,Very High
C00433,medium,Chennai,organic,44,male,2025-10-18,5.0,58883.46000000001,11776.692000000001,5.0,2025-12-30,1.0,5.0,27.0,4.0,2025-12-30,1.0,0.0,2.0,0.037241379310344824,74,2.0,0,Medium,Medium
C00434,medium,Mumbai,ads,30,male,2024-04-29,29.0,533661.7,18402.127586206894,28.0,2025-12-12,19.0,29.0,272.0,4.0,2025-12-30,1.0,0.0,24.0,0.37517241379310345,611,3.0,0,Very High,Very High
C00435,medium,Jaipur,ads,21,male,2025-08-26,4.0,22249.64,5562.41,3.0,2025-12-17,14.0,4.0,52.0,4.0,2025-12-31,0.0,0.0,5.0,0.07172413793103448,127,2.0,0,Medium,Medium
C00436,medium,Ahmedabad,organic,34,male,2024-02-27,34.0,488203.43,14358.924411764705,28.0,2025-12-20,11.0,34.0,324.0,4.0,2025-12-30,1.0,0.0,29.0,0.44689655172413795,673,8.0,0,Very High,Very High
C00437,medium,Jaipur,referral,37,female,2024-12-11,14.0,308607.12,22043.365714285716,13.0,2025-12-31,0.0,14.0,177.0,4.0,2025-12-31,0.0,0.0,13.0,0.24413793103448275,385,5.0,0,Very High,High
C00439,medium,Hyderabad,organic,37,male,2024-04-26,25.0,552094.91,22083.796400000003,23.0,2025-12-29,2.0,25.0,275.0,4.0,2025-12-29,2.0,0.0,25.0,0.3793103448275862,614,1.0,0,Very High,Very High
C00440,medium,Jaipur,ads,38,female,2024-05-06,19.0,307045.56,16160.292631578946,17.0,2025-11-18,43.0,19.0,260.0,4.0,2025-12-26,5.0,0.0,22.0,0.3586206896551724,604,3.0,0,Very High,Very High
C00441,high,Bangalore,ads,25,female,2025-01-27,37.0,714003.27,19297.385675675676,28.0,2025-12-22,9.0,37.0,336.0,4.0,2025-12-30,1.0,0.0,33.0,0.463448275862069,338,9.0,0,Very High,Very High
C00442,medium,Mumbai,referral,38,female,2025-10-02,3.0,86472.26,28824.086666666666,3.0,2025-12-27,4.0,3.0,36.0,4.0,2025-12-28,3.0,0.0,2.0,0.0496551724137931,90,2.0,0,Medium,Medium
C00444,medium,Bhubaneswar,organic,28,male,2025-09-25,4.0,34709.03,8677.2575,4.0,2025-11-07,54.0,4.0,40.0,4.0,2025-12-29,2.0,0.0,5.0,0.05517241379310345,97,3.0,0,Medium,Medium
C00445,high,Jaipur,ads,42,female,2025-05-27,30.0,495719.33999999997,16523.978,28.0,2025-12-15,16.0,30.0,185.0,4.0,2025-12-31,0.0,0.0,17.0,0.25517241379310346,218,13.0,0,Very High,High
C00446,medium,Delhi,organic,27,male,2024-04-05,24.0,236595.35,9858.139583333334,21.0,2025-09-21,101.0,24.0,294.0,4.0,2025-12-26,5.0,0.0,24.0,0.40551724137931033,635,4.0,0,Very High,Very High
C00447,medium,Hyderabad,ads,30,male,2025-09-29,3.0,81373.32,27124.440000000002,3.0,2025-11-08,53.0,3.0,41.0,4.0,2025-12-31,0.0,0.0,5.0,0.05655172413793103,93,4.0,0,Medium,Medium
C00448,high,Pune,ads,35,female,2024-04-27,65.0,1187990.6199999999,18276.77876923077,55.0,2025-12-31,0.0,65.0,610.0,4.0,2025-12-31,0.0,0.0,59.0,0.8413793103448276,613,10.0,0,Very High,Very High
C00449,medium,Ahmedabad,organic,48,male,2025-07-13,7.0,135128.22,19304.03142857143,7.0,2025-12-07,24.0,7.0,76.0,4.0,2025-12-28,3.0,0.0,8.0,0.10482758620689656,171,7.0,0,High,Medium
C00450,medium,Bangalore,ads,36,male,2025-08-23,2.0,34751.36,17375.68,2.0,2025-12-11,20.0,2.0,67.0,4.0,2025-12-31,0.0,0.0,10.0,0.09241379310344827,130,6.0,0,Low,Medium
C00451,medium,Mumbai,ads,40,male,2025-05-02,6.0,108838.32,18139.72,6.0,2025-12-07,24.0,6.0,105.0,4.0,2025-12-31,0.0,0.0,14.0,0.14482758620689656,243,3.0,0,High,High
C00452,medium,Chennai,ads,32,male,2024-08-24,23.0,371702.81,16160.991739130435,22.0,2025-10-27,65.0,23.0,217.0,4.0,2025-12-31,0.0,0.0,24.0,0.2993103448275862,494,4.0,0,Very High,Very High
C00453,medium,Jaipur,ads,34,male,2024-09-28,15.0,279149.93,18609.995333333332,15.0,2025-12-18,13.0,15.0,190.0,4.0,2025-12-31,0.0,0.0,22.0,0.2620689655172414,459,1.0,0,Very High,High
C00454,low,Delhi,organic,34,male,2024-07-07,3.0,14559.98,4853.326666666667,3.0,2025-06-23,191.0,3.0,98.0,4.0,2025-12-28,3.0,0.0,7.0,0.13517241379310344,542,0.0,1,Medium,Medium
C00455,medium,Hyderabad,organic,37,male,2025-12-04,1.0,9477.119999999999,9477.119999999999,1.0,2025-12-13,18.0,1.0,19.0,4.0,2025-12-31,0.0,0.0,4.0,0.02620689655172414,27,7.0,0,Low,Low
C00456,medium,Ahmedabad,organic,32,male,2025-03-22,15.0,377615.93,25174.395333333334,14.0,2025-11-13,48.0,15.0,145.0,4.0,2025-12-30,1.0,0.0,9.0,0.2,284,4.0,0,Very High,High
C00457,medium,Jaipur,organic,48,male,2025-08-03,9.0,163902.75,18211.416666666668,8.0,2025-12-31,0.0,9.0,69.0,4.0,2025-12-31,0.0,0.0,11.0,0.09517241379310344,150,6.0,0,High,Medium
C00458,medium,Ahmedabad,ads,31,female,2024-09-03,21.0,532410.04,25352.85904761905,18.0,2025-12-02,29.0,21.0,241.0,4.0,2025-12-25,6.0,0.0,24.0,0.33241379310344826,484,3.0,0,Very High,Very High
C00460,medium,Pune,ads,62,male,2024-06-02,19.0,495402.76999999996,26073.829999999998,17.0,2025-11-29,32.0,19.0,249.0,4.0,2025-12-31,0.0,0.0,31.0,0.34344827586206894,577,2.0,0,Very High,Very High
C00462,high,Jaipur,ads,48,female,2025-03-10,34.0,821353.72,24157.462352941177,30.0,2025-12-29,2.0,34.0,251.0,4.0,2025-12-29,2.0,0.0,29.0,0.34620689655172415,296,13.0,0,Very High,Very High
C00463,medium,Mumbai,organic,49,female,2024-03-26,27.0,417797.56,15473.983703703703,22.0,2025-12-17,14.0,27.0,287.0,4.0,2025-12-31,0.0,0.0,24.0,0.39586206896551723,645,2.0,0,Very High,Very High
C00465,medium,Chennai,referral,33,female,2024-10-11,18.0,271653.23,15091.84611111111,18.0,2025-11-22,39.0,18.0,204.0,4.0,2025-12-30,1.0,0.0,21.0,0.2813793103448276,446,4.0,0,Very High,Very High
C00466,medium,Chennai,ads,37,female,2024-08-07,14.0,358883.18,25634.512857142858,14.0,2025-11-06,55.0,14.0,224.0,4.0,2025-12-29,2.0,0.0,29.0,0.30896551724137933,511,6.0,0,Very High,Very High
C00467,medium,Bangalore,organic,22,male,2024-03-09,21.0,300185.04000000004,14294.525714285715,19.0,2025-12-07,24.0,21.0,267.0,4.0,2025-12-30,1.0,0.0,34.0,0.3682758620689655,662,3.0,0,Very High,Very High
C00469,high,Hyderabad,organic,26,female,2024-04-03,75.0,874250.63,11656.675066666667,50.0,2025-12-23,8.0,75.0,578.0,4.0,2025-12-31,0.0,0.0,59.0,0.7972413793103448,637,11.0,0,Very High,Very High
C00471,high,Jaipur,referral,35,male,2024-07-22,60.0,1031737.62,17195.627,46.0,2025-12-27,4.0,60.0,556.0,4.0,2025-12-28,3.0,0.0,56.0,0.766896551724138,527,12.0,0,Very High,Very High
C00472,low,Pune,organic,33,male,2024-08-05,2.0,7209.15,3604.575,2.0,2024-12-10,386.0,2.0,18.0,4.0,2024-12-26,370.0,0.0,2.0,0.02482758620689655,513,0.0,1,Low,Low
C00473,medium,Delhi,referral,28,male,2025-04-18,9.0,33860.409999999996,3762.267777777777,8.0,2025-12-10,21.0,9.0,107.0,4.0,2025-12-30,1.0,0.0,5.0,0.14758620689655172,257,4.0,0,High,High
C00474,low,Bangalore,referral,48,male,2025-03-07,1.0,26229.06,26229.06,1.0,2025-08-05,148.0,1.0,33.0,4.0,2025-08-26,127.0,0.0,2.0,0.04551724137931035,299,0.0,1,Low,Medium
C00475,medium,Delhi,referral,44,female,2024-12-06,17.0,294718.29000000004,17336.370000000003,17.0,2025-12-03,28.0,17.0,195.0,4.0,2025-12-31,0.0,0.0,21.0,0.2689655172413793,390,3.0,0,Very High,High
C00476,low,Jaipur,ads,38,female,2025-07-04,1.0,2465.2799999999997,2465.2799999999997,1.0,2025-08-12,141.0,1.0,19.0,4.0,2025-10-24,68.0,0.0,2.0,0.02620689655172414,180,0.0,1,Low,Low
C00477,high,Bangalore,organic,31,female,2025-09-03,18.0,234454.07,13025.226111111111,17.0,2025-12-29,2.0,18.0,139.0,4.0,2025-12-31,0.0,0.0,15.0,0.1917241379310345,119,16.0,0,Very High,High
C00478,high,Chennai,ads,45,female,2024-10-15,50.0,982998.23,19659.9646,40.0,2025-12-12,19.0,50.0,396.0,4.0,2025-12-31,0.0,0.0,39.0,0.5462068965517242,442,6.0,0,Very High,Very High
C00479,medium,Ahmedabad,ads,30,male,2024-09-10,12.0,385507.55,32125.629166666666,11.0,2025-12-06,25.0,12.0,209.0,4.0,2025-12-28,3.0,0.0,17.0,0.2882758620689655,477,8.0,0,Very High,Very High
C00480,high,Bangalore,organic,50,male,2024-12-22,54.0,641789.75,11884.99537037037,42.0,2025-12-30,1.0,54.0,421.0,4.0,2025-12-31,0.0,0.0,36.0,0.5806896551724138,374,10.0,0,Very High,Very High
C00481,high,Jaipur,ads,36,female,2024-01-23,78.0,1327614.83,17020.70294871795,61.0,2025-11-05,56.0,78.0,636.0,4.0,2025-12-31,0.0,0.0,66.0,0.8772413793103448,708,12.0,0,Very High,Very High
C00482,low,Jaipur,ads,47,male,2025-06-05,2.0,70133.15999999999,35066.579999999994,2.0,2025-09-30,92.0,2.0,30.0,4.0,2025-10-29,63.0,0.0,1.0,0.041379310344827586,209,0.0,1,Low,Medium
C00484,medium,Delhi,organic,35,male,2024-06-28,17.0,309530.48,18207.675294117646,16.0,2025-12-03,28.0,17.0,257.0,4.0,2025-12-31,0.0,0.0,26.0,0.3544827586206897,551,5.0,0,Very High,Very High
C00486,medium,Ahmedabad,ads,56,male,2025-10-20,1.0,65998.08,65998.08,1.0,2025-11-20,41.0,1.0,32.0,4.0,2025-12-28,3.0,0.0,2.0,0.044137931034482755,72,5.0,0,Low,Medium
C00487,medium,Chennai,ads,50,male,2025-03-17,15.0,183657.81,12243.854,13.0,2025-12-29,2.0,15.0,141.0,4.0,2025-12-31,0.0,0.0,7.0,0.19448275862068964,289,7.0,0,Very High,High
C00489,medium,Mumbai,referral,40,female,2024-11-20,13.0,82250.46,6326.958461538462,13.0,2025-10-27,65.0,13.0,195.0,4.0,2025-12-29,2.0,0.0,25.0,0.2689655172413793,406,4.0,0,Very High,High
C00491,medium,Delhi,ads,37,female,2024-01-16,30.0,348132.16,11604.405333333332,26.0,2025-12-10,21.0,30.0,341.0,4.0,2025-12-30,1.0,0.0,32.0,0.4703448275862069,715,2.0,0,Very High,Very High
C00492,medium,Ahmedabad,ads,25,male,2024-12-01,14.0,214746.41999999998,15339.029999999999,13.0,2025-12-26,5.0,14.0,203.0,4.0,2025-12-28,3.0,0.0,22.0,0.28,395,4.0,0,Very High,Very High
C00493,high,Jaipur,ads,38,male,2024-09-14,48.0,977045.77,20355.120208333334,42.0,2025-12-22,9.0,48.0,489.0,4.0,2025-12-29,2.0,0.0,50.0,0.6744827586206896,473,13.0,0,Very High,Very High
C00494,high,Jaipur,organic,39,female,2025-05-11,35.0,698748.14,19964.232571428573,32.0,2025-12-27,4.0,35.0,235.0,4.0,2025-12-30,1.0,0.0,21.0,0.32413793103448274,234,11.0,0,Very High,Very High
C00495,high,Ahmedabad,referral,18,male,2024-06-08,67.0,1287027.5899999999,19209.36701492537,50.0,2025-12-16,15.0,67.0,547.0,4.0,2025-12-30,1.0,0.0,50.0,0.7544827586206897,571,11.0,0,Very High,Very High
C00497,low,Ahmedabad,ads,39,female,2025-10-25,1.0,6270.719999999999,6270.719999999999,1.0,2025-11-08,53.0,1.0,3.0,2.0,2025-11-22,39.0,0.0,0.0,0.004137931034482759,67,0.0,1,Low,Low
C00499,medium,Kolkata,organic,38,male,2025-11-05,1.0,7341.929999999999,7341.929999999999,1.0,2025-11-16,45.0,1.0,21.0,4.0,2025-12-31,0.0,0.0,2.0,0.028965517241379312,56,5.0,0,Low,Medium
C00500,medium,Hyderabad,ads,21,male,2025-01-14,6.0,75394.84999999999,12565.808333333332,6.0,2025-12-07,24.0,6.0,182.0,4.0,2025-12-30,1.0,0.0,19.0,0.25103448275862067,351,3.0,0,High,High
C00501,high,Kolkata,ads,27,male,2025-06-28,19.0,246043.43,12949.654210526316,18.0,2025-12-26,5.0,19.0,162.0,4.0,2025-12-31,0.0,0.0,19.0,0.22344827586206897,186,12.0,0,Very High,High
C00502,medium,Delhi,ads,45,female,2025-11-21,1.0,5213.34,5213.34,1.0,2025-12-28,3.0,1.0,12.0,4.0,2025-12-31,0.0,0.0,2.0,0.016551724137931035,40,5.0,0,Low,Low
C00503,medium,Pune,ads,35,male,2025-03-02,10.0,262561.74,26256.174,10.0,2025-12-25,6.0,10.0,130.0,4.0,2025-12-29,2.0,0.0,13.0,0.1793103448275862,304,3.0,0,High,High
C00505,medium,Bhubaneswar,organic,29,female,2024-09-24,19.0,232634.71000000002,12243.932105263159,18.0,2025-12-19,12.0,19.0,230.0,4.0,2025-12-23,8.0,0.0,20.0,0.31724137931034485,463,3.0,0,Very High,Very High
C00506,high,Ahmedabad,organic,35,female,2025-07-30,22.0,234471.44999999998,10657.79318181818,17.0,2025-12-29,2.0,22.0,150.0,4.0,2025-12-31,0.0,0.0,17.0,0.20689655172413793,154,5.0,0,Very High,High
C00507,high,Chennai,organic,18,female,2025-02-20,37.0,546349.66,14766.207027027029,31.0,2025-12-22,9.0,37.0,353.0,4.0,2025-12-30,1.0,0.0,39.0,0.4868965517241379,314,8.0,0,Very High,Very High
C00508,high,Bhubaneswar,organic,43,female,2024-06-16,61.0,1149701.02,18847.557704918032,49.0,2025-12-31,0.0,61.0,485.0,4.0,2025-12-31,0.0,0.0,59.0,0.6689655172413793,563,19.0,0,Very High,Very High
C00509,medium,Delhi,ads,53,female,2024-02-12,20.0,220715.59,11035.7795,19.0,2025-12-27,4.0,20.0,327.0,4.0,2025-12-27,4.0,0.0,42.0,0.4510344827586207,688,2.0,0,Very High,Very High
C00510,low,Delhi,ads,24,female,2025-07-09,1.0,1855.04,1855.04,1.0,2025-10-13,79.0,1.0,22.0,4.0,2025-10-28,64.0,0.0,1.0,0.030344827586206897,175,0.0,1,Low,Medium
C00511,medium,Pune,ads,25,male,2024-10-11,17.0,282028.17,16589.892352941177,16.0,2025-12-29,2.0,17.0,214.0,4.0,2025-12-31,0.0,0.0,17.0,0.29517241379310344,446,4.0,0,Very High,Very High
C00513,medium,Chennai,ads,49,male,2024-01-12,26.0,623930.8,23997.338461538464,21.0,2025-12-27,4.0,26.0,346.0,4.0,2025-12-28,3.0,0.0,36.0,0.4772413793103448,719,4.0,0,Very High,Very High
C00514,medium,Chennai,organic,34,other,2025-08-29,6.0,49246.84,8207.806666666665,6.0,2025-12-26,5.0,6.0,58.0,4.0,2025-12-31,0.0,0.0,3.0,0.08,124,1.0,0,High,Medium
C00515,high,Ahmedabad,organic,22,male,2024-10-28,53.0,895635.94,16898.791320754717,39.0,2025-12-31,0.0,53.0,449.0,4.0,2025-12-31,0.0,0.0,49.0,0.6193103448275862,429,8.0,0,Very High,Very High
C00517,low,Bhubaneswar,ads,24,female,2025-05-13,1.0,4844.18,4844.18,1.0,2025-09-18,104.0,1.0,29.0,4.0,2025-09-21,101.0,0.0,3.0,0.04,232,0.0,1,Low,Medium
C00518,high,Mumbai,organic,28,female,2024-02-04,80.0,1503641.64,18795.5205,54.0,2025-12-19,12.0,80.0,679.0,4.0,2025-12-26,5.0,0.0,88.0,0.9365517241379311,696,13.0,0,Very High,Very High
C00520,medium,Hyderabad,ads,25,male,2024-03-30,17.0,169166.93,9950.995882352941,16.0,2025-11-26,35.0,17.0,267.0,4.0,2025-12-31,0.0,0.0,23.0,0.3682758620689655,641,5.0,0,Very High,Very High
C00521,medium,Jaipur,referral,27,female,2025-08-27,6.0,248403.69,41400.615,6.0,2025-12-29,2.0,6.0,62.0,4.0,2025-12-30,1.0,0.0,5.0,0.08551724137931034,126,4.0,0,High,Medium
C00523,medium,Bangalore,ads,37,female,2025-02-21,10.0,103484.88,10348.488000000001,10.0,2025-12-04,27.0,10.0,134.0,4.0,2025-12-28,3.0,0.0,17.0,0.18482758620689654,313,4.0,0,High,High
C00524,medium,Kolkata,ads,20,female,2024-04-24,26.0,407906.21,15688.700384615386,24.0,2025-12-02,29.0,26.0,276.0,4.0,2025-12-26,5.0,0.0,32.0,0.38068965517241377,616,3.0,0,Very High,Very High
C00525,high,Pune,ads,38,female,2025-09-08,17.0,427002.42,25117.789411764705,17.0,2025-12-30,1.0,17.0,116.0,4.0,2025-12-30,1.0,0.0,12.0,0.16,114,7.0,0,Very High,High
C00526,high,Bhubaneswar,ads,31,male,2024-07-14,72.0,1785754.3599999999,24802.143888888888,51.0,2025-12-19,12.0,72.0,554.0,4.0,2025-12-31,0.0,0.0,64.0,0.7641379310344828,535,11.0,0,Very High,Very High
C00527,high,Mumbai,referral,42,male,2025-05-15,14.0,232502.24,16607.302857142855,11.0,2025-12-31,0.0,14.0,220.0,4.0,2025-12-31,0.0,0.0,21.0,0.30344827586206896,230,3.0,0,Very High,Very High
C00528,high,Bhubaneswar,organic,42,female,2025-09-17,10.0,75978.93,7597.892999999999,9.0,2025-12-25,6.0,10.0,113.0,4.0,2025-12-31,0.0,0.0,17.0,0.15586206896551724,105,8.0,0,High,High
C00529,low,Ahmedabad,organic,29,male,2025-05-07,2.0,57506.13,28753.065,2.0,2025-07-05,179.0,2.0,20.0,4.0,2025-08-22,131.0,0.0,1.0,0.027586206896551724,238,0.0,1,Low,Low
C00531,high,Delhi,ads,26,female,2025-02-16,37.0,708662.36,19153.036756756755,30.0,2025-12-27,4.0,37.0,334.0,4.0,2025-12-31,0.0,0.0,35.0,0.4606896551724138,318,10.0,0,Very High,Very High
C00533,high,Bhubaneswar,organic,27,female,2025-02-23,35.0,530981.24,15170.89257142857,29.0,2025-12-14,17.0,35.0,291.0,4.0,2025-12-27,4.0,0.0,23.0,0.4013793103448276,311,11.0,0,Very High,Very High
C00534,medium,Chennai,organic,38,female,2025-12-29,1.0,9728.06,9728.06,1.0,2025-12-29,2.0,1.0,3.0,2.0,2025-12-30,1.0,0.0,0.0,0.004137931034482759,2,5.0,0,Low,Low
C00535,medium,Mumbai,referral,33,female,2024-10-03,22.0,420134.32,19097.014545454545,19.0,2025-12-09,22.0,22.0,244.0,4.0,2025-12-29,2.0,0.0,18.0,0.33655172413793105,454,0.0,1,Very High,Very High
C00536,medium,Chennai,ads,24,female,2025-11-06,2.0,5793.87,2896.935,2.0,2025-12-22,9.0,2.0,27.0,4.0,2025-12-29,2.0,0.0,2.0,0.037241379310344824,55,7.0,0,Low,Medium
C00537,medium,Bhubaneswar,ads,44,male,2025-01-28,14.0,289905.64,20707.545714285716,14.0,2025-11-14,47.0,14.0,154.0,4.0,2025-12-31,0.0,0.0,12.0,0.21241379310344827,337,0.0,1,Very High,High
C00538,medium,Mumbai,referral,28,male,2025-04-01,9.0,93289.76,10365.528888888888,8.0,2025-12-11,20.0,9.0,119.0,4.0,2025-12-29,2.0,0.0,12.0,0.16413793103448276,274,6.0,0,High,High
C00539,medium,Delhi,ads,18,female,2024-07-10,25.0,328420.75,13136.83,21.0,2025-11-18,43.0,25.0,264.0,4.0,2025-12-29,2.0,0.0,25.0,0.3641379310344828,539,4.0,0,Very High,Very High
C00541,high,Kolkata,organic,26,female,2024-04-08,78.0,1220529.92,15647.819487179486,57.0,2025-12-03,28.0,78.0,670.0,4.0,2025-12-31,0.0,0.0,80.0,0.9241379310344827,632,13.0,0,Very High,Very High
C00542,high,Ahmedabad,organic,48,female,2025-07-01,20.0,543310.01,27165.500500000002,18.0,2025-12-30,1.0,20.0,178.0,4.0,2025-12-30,1.0,0.0,19.0,0.24551724137931036,183,14.0,0,Very High,High
C00543,high,Bangalore,ads,47,female,2024-04-05,75.0,935858.27,12478.110266666667,56.0,2025-12-04,27.0,75.0,659.0,4.0,2025-12-30,1.0,0.0,75.0,0.9089655172413793,635,16.0,0,Very High,Very High
C00544,medium,Kolkata,ads,27,other,2025-10-25,4.0,25681.249999999996,6420.312499999999,4.0,2025-12-22,9.0,4.0,33.0,4.0,2025-12-30,1.0,0.0,4.0,0.04551724137931035,67,5.0,0,Medium,Medium
C00545,high,Bangalore,referral,31,female,2025-10-24,7.0,121509.67,17358.524285714284,7.0,2025-12-31,0.0,7.0,59.0,4.0,2025-12-31,0.0,0.0,5.0,0.08137931034482758,68,7.0,0,High,Medium
C00546,low,Mumbai,referral,30,male,2024-07-08,2.0,30913.32,15456.66,2.0,2024-08-27,491.0,2.0,13.0,3.0,2024-08-27,491.0,0.0,3.0,0.01793103448275862,541,0.0,1,Low,Low
C00547,medium,Kolkata,referral,21,male,2024-02-06,32.0,508781.06,15899.408125,28.0,2025-12-12,19.0,32.0,344.0,4.0,2025-12-30,1.0,0.0,30.0,0.47448275862068967,694,3.0,0,Very High,Very High
C00548,medium,Bhubaneswar,organic,25,male,2025-01-03,11.0,94056.51999999999,8550.592727272726,9.0,2025-12-12,19.0,11.0,175.0,4.0,2025-12-31,0.0,0.0,26.0,0.2413793103448276,362,2.0,0,Very High,High
C00549,medium,Delhi,referral,44,male,2025-11-25,1.0,709.8000000000001,709.8000000000001,1.0,2025-12-06,25.0,1.0,18.0,4.0,2025-12-28,3.0,0.0,2.0,0.02482758620689655,36,4.0,0,Low,Low
C00550,high,Bhubaneswar,ads,40,female,2025-06-08,26.0,653629.76,25139.606153846154,21.0,2025-12-28,3.0,26.0,205.0,4.0,2025-12-31,0.0,0.0,15.0,0.2827586206896552,206,8.0,0,Very High,Very High
C00551,high,Bhubaneswar,organic,37,female,2024-10-05,52.0,919244.23,17677.773653846154,45.0,2025-12-23,8.0,52.0,449.0,4.0,2025-12-31,0.0,0.0,56.0,0.6193103448275862,452,10.0,0,Very High,Very High
C00552,medium,Bangalore,ads,21,male,2024-08-04,20.0,527104.11,26355.2055,18.0,2025-11-01,60.0,20.0,226.0,4.0,2025-12-31,0.0,0.0,19.0,0.3117241379310345,514,1.0,0,Very High,Very High
C00553,medium,Jaipur,organic,36,male,2024-09-29,19.0,227532.04,11975.37052631579,17.0,2025-11-12,49.0,19.0,212.0,4.0,2025-12-29,2.0,0.0,21.0,0.2924137931034483,458,4.0,0,Very High,Very High
C00554,medium,Jaipur,organic,18,female,2024-03-02,22.0,416013.07,18909.685,21.0,2025-09-13,109.0,22.0,323.0,4.0,2025-12-28,3.0,0.0,30.0,0.44551724137931037,669,5.0,0,Very High,Very High
C00555,high,Hyderabad,referral,43,female,2025-08-18,16.0,367686.72,22980.42,15.0,2025-12-30,1.0,16.0,113.0,4.0,2025-12-30,1.0,0.0,14.0,0.15586206896551724,135,14.0,0,Very High,High
C00557,high,Delhi,organic,21,male,2024-12-07,60.0,1155478.83,19257.9805,41.0,2025-12-25,6.0,60.0,424.0,4.0,2025-12-31,0.0,0.0,37.0,0.5848275862068966,389,7.0,0,Very High,Very High
C00558,low,Delhi,ads,51,female,2025-01-31,1.0,2940.63,2940.63,1.0,2025-02-18,316.0,1.0,4.0,2.0,2025-02-28,306.0,0.0,0.0,0.005517241379310344,334,0.0,1,Low,Low
C00560,medium,Bhubaneswar,ads,40,female,2024-01-19,25.0,578959.4,23158.376,24.0,2025-12-31,0.0,25.0,342.0,4.0,2025-12-31,0.0,0.0,30.0,0.47172413793103446,712,1.0,0,Very High,Very High
C00561,high,Delhi,organic,40,female,2024-06-25,68.0,1569528.8499999999,23081.306617647057,48.0,2025-12-23,8.0,68.0,586.0,4.0,2025-12-31,0.0,0.0,45.0,0.8082758620689655,554,11.0,0,Very High,Very High
C00562,high,Mumbai,organic,22,male,2025-09-03,11.0,146002.6,13272.963636363636,11.0,2025-12-27,4.0,11.0,121.0,4.0,2025-12-31,0.0,0.0,8.0,0.16689655172413792,119,8.0,0,Very High,High
C00563,medium,Pune,organic,34,male,2025-01-30,6.0,277652.92,46275.486666666664,6.0,2025-11-01,60.0,6.0,163.0,4.0,2025-12-29,2.0,0.0,14.0,0.22482758620689655,335,2.0,0,High,High
C00564,medium,Bhubaneswar,referral,18,female,2025-03-20,12.0,181509.84,15125.82,11.0,2025-12-31,0.0,12.0,135.0,4.0,2025-12-31,0.0,0.0,7.0,0.18620689655172415,286,2.0,0,Very High,High
C00566,low,Bhubaneswar,ads,24,male,2024-03-16,4.0,102943.90999999999,25735.977499999997,3.0,2024-06-09,570.0,4.0,23.0,4.0,2024-06-25,554.0,0.0,1.0,0.031724137931034485,655,0.0,1,Medium,Medium
C00567,medium,Delhi,ads,28,female,2024-09-21,17.0,414037.71,24355.159411764707,16.0,2025-11-10,51.0,17.0,219.0,4.0,2025-12-30,1.0,0.0,14.0,0.3020689655172414,466,3.0,0,Very High,Very High
C00568,high,Ahmedabad,referral,41,male,2025-03-30,26.0,503937.36,19382.206153846153,24.0,2025-12-26,5.0,26.0,287.0,4.0,2025-12-30,1.0,0.0,26.0,0.39586206896551723,276,12.0,0,Very High,Very High
C00569,medium,Mumbai,ads,35,female,2025-12-18,1.0,37467.22,37467.22,1.0,2025-12-27,4.0,1.0,6.0,2.0,2025-12-31,0.0,0.0,0.0,0.008275862068965517,13,0.0,1,Low,Low
C00570,low,Mumbai,ads,35,female,2025-01-18,2.0,9919.2,4959.6,2.0,2025-02-28,306.0,2.0,10.0,3.0,2025-02-28,306.0,0.0,0.0,0.013793103448275862,347,0.0,1,Low,Low
C00571,medium,Kolkata,organic,24,female,2025-07-17,8.0,161604.53,20200.56625,8.0,2025-12-11,20.0,8.0,82.0,4.0,2025-12-31,0.0,0.0,7.0,0.11310344827586206,167,5.0,0,High,Medium
C00572,high,Jaipur,organic,29,male,2025-05-20,28.0,480616.18,17164.86357142857,25.0,2025-12-27,4.0,28.0,213.0,4.0,2025-12-29,2.0,0.0,27.0,0.29379310344827586,225,11.0,0,Very High,Very High
C00573,low,Bangalore,referral,25,male,2025-01-01,1.0,41185.98,41185.98,1.0,2025-01-22,343.0,1.0,41.0,4.0,2025-07-28,156.0,0.0,6.0,0.05655172413793103,364,0.0,1,Low,Medium
C00574,medium,Kolkata,referral,22,male,2024-05-23,20.0,190665.34999999998,9533.267499999998,20.0,2025-10-25,67.0,20.0,273.0,4.0,2025-12-30,1.0,0.0,27.0,0.37655172413793103,587,1.0,0,Very High,Very High
C00576,medium,Pune,referral,35,male,2024-04-08,30.0,503954.02999999997,16798.467666666667,28.0,2025-12-14,17.0,30.0,267.0,4.0,2025-12-31,0.0,0.0,26.0,0.3682758620689655,632,3.0,0,Very High,Very High
C00577,high,Chennai,referral,29,male,2025-01-30,42.0,722305.43,17197.748333333333,36.0,2025-12-25,6.0,42.0,361.0,4.0,2025-12-30,1.0,0.0,35.0,0.4979310344827586,335,8.0,0,Very High,Very High
C00579,medium,Bangalore,referral,41,female,2025-04-13,10.0,74958.52,7495.852000000001,9.0,2025-12-28,3.0,10.0,103.0,4.0,2025-12-28,3.0,0.0,14.0,0.14206896551724138,262,7.0,0,High,High
C00580,medium,Jaipur,ads,29,male,2025-04-28,8.0,145511.28,18188.91,8.0,2025-09-26,96.0,8.0,94.0,4.0,2025-12-29,2.0,0.0,14.0,0.1296551724137931,247,0.0,1,High,Medium
C00581,medium,Bangalore,organic,21,male,2025-07-18,3.0,24439.68,8146.56,3.0,2025-12-26,5.0,3.0,71.0,4.0,2025-12-27,4.0,0.0,10.0,0.09793103448275862,166,2.0,0,Medium,Medium
C00582,high,Chennai,organic,40,female,2024-05-30,88.0,1446791.61,16440.81375,64.0,2025-12-30,1.0,88.0,609.0,4.0,2025-12-30,1.0,0.0,59.0,0.84,580,13.0,0,Very High,Very High
C00583,medium,Chennai,referral,37,female,2024-05-23,18.0,248412.55,13800.697222222221,15.0,2025-11-25,36.0,18.0,237.0,4.0,2025-12-28,3.0,0.0,12.0,0.32689655172413795,587,2.0,0,Very High,Very High
C00584,high,Kolkata,organic,38,female,2025-07-22,22.0,287065.85,13048.447727272725,20.0,2025-12-19,12.0,22.0,151.0,4.0,2025-12-24,7.0,0.0,11.0,0.2082758620689655,162,12.0,0,Very High,High
C00585,medium,Bhubaneswar,referral,41,male,2024-02-08,27.0,447703.48,16581.61037037037,25.0,2025-12-22,9.0,27.0,313.0,4.0,2025-12-31,0.0,0.0,30.0,0.4317241379310345,692,2.0,0,Very High,Very High
C00586,medium,Hyderabad,organic,39,male,2024-04-18,33.0,762753.2,23113.733333333334,28.0,2025-12-12,19.0,33.0,304.0,4.0,2025-12-29,2.0,0.0,40.0,0.4193103448275862,622,5.0,0,Very High,Very High
C00587,low,Hyderabad,organic,35,female,2025-11-23,2.0,126956.16999999998,63478.08499999999,2.0,2025-12-14,17.0,2.0,4.0,2.0,2025-12-26,5.0,0.0,0.0,0.005517241379310344,38,0.0,1,Low,Low
C00588,low,Delhi,organic,58,female,2024-02-11,1.0,45383.04,45383.04,1.0,2024-02-23,677.0,1.0,14.0,4.0,2024-04-30,610.0,0.0,2.0,0.019310344827586208,689,0.0,1,Low,Low
C00589,high,Hyderabad,organic,22,male,2024-07-04,55.0,865322.65,15733.139090909091,51.0,2025-12-21,10.0,55.0,548.0,4.0,2025-12-31,0.0,0.0,51.0,0.7558620689655172,545,6.0,0,Very High,Very High
C00590,medium,Bangalore,organic,29,male,2025-02-01,14.0,152131.72,10866.551428571429,14.0,2025-12-16,15.0,14.0,145.0,4.0,2025-12-27,4.0,0.0,12.0,0.2,333,5.0,0,Very High,High
C00591,medium,Hyderabad,organic,44,female,2024-08-10,21.0,524611.96,24981.521904761903,20.0,2025-12-26,5.0,21.0,242.0,4.0,2025-12-29,2.0,0.0,20.0,0.33379310344827584,508,3.0,0,Very High,Very High
C00592,high,Jaipur,referral,36,female,2025-09-25,13.0,179404.97,13800.382307692307,10.0,2025-12-23,8.0,13.0,110.0,4.0,2025-12-31,0.0,0.0,15.0,0.15172413793103448,97,8.0,0,Very High,High
C00594,low,Mumbai,organic,36,female,2024-06-11,1.0,1781.01,1781.01,1.0,2024-06-27,552.0,1.0,22.0,4.0,2024-11-26,400.0,0.0,5.0,0.030344827586206897,568,0.0,1,Low,Medium
C00595,high,Delhi,organic,48,other,2024-08-02,67.0,1314890.07,19625.224925373135,56.0,2025-12-30,1.0,67.0,503.0,4.0,2025-12-30,1.0,0.0,56.0,0.6937931034482758,516,8.0,0,Very High,Very High
C00596,medium,Bangalore,ads,24,female,2024-08-22,18.0,622825.95,34601.441666666666,18.0,2025-12-29,2.0,18.0,233.0,4.0,2025-12-31,0.0,0.0,28.0,0.3213793103448276,496,4.0,0,Very High,Very High
C00597,high,Chennai,ads,48,male,2025-10-19,11.0,150027.14,13638.83090909091,11.0,2025-12-31,0.0,11.0,71.0,4.0,2025-12-31,0.0,0.0,7.0,0.09793103448275862,73,7.0,0,Very High,Medium
C00598,medium,Kolkata,ads,46,female,2025-08-10,3.0,162065.2,54021.73333333334,3.0,2025-10-17,75.0,3.0,67.0,4.0,2025-12-28,3.0,0.0,10.0,0.09241379310344827,143,3.0,0,Medium,Medium
C00599,high,Pune,organic,22,male,2024-01-09,97.0,1550251.3,15981.972164948455,65.0,2025-12-28,3.0,97.0,730.0,4.0,2025-12-30,1.0,0.0,56.0,1.006896551724138,722,13.0,0,Very High,Very High
C00600,low,Kolkata,organic,41,male,2024-03-14,1.0,32884.83,32884.83,1.0,2024-03-18,653.0,1.0,8.0,4.0,2024-05-05,605.0,0.0,1.0,0.011034482758620689,657,0.0,1,Low,Low
C00601,low,Bhubaneswar,ads,34,female,2025-05-06,3.0,26036.64,8678.88,3.0,2025-12-21,10.0,3.0,38.0,4.0,2025-12-21,10.0,0.0,2.0,0.05241379310344828,239,0.0,1,Medium,Medium
C00602,medium,Pune,referral,28,female,2024-09-09,19.0,195674.84,10298.675789473684,18.0,2025-12-10,21.0,19.0,221.0,4.0,2025-12-27,4.0,0.0,26.0,0.30482758620689654,478,3.0,0,Very High,Very High
C00603,medium,Jaipur,organic,18,female,2024-08-17,14.0,248333.76,17738.125714285714,13.0,2025-12-17,14.0,14.0,215.0,4.0,2025-12-29,2.0,0.0,25.0,0.296551724137931,501,3.0,0,Very High,Very High
C00605,medium,Delhi,organic,42,male,2024-06-22,17.0,353825.68,20813.275294117648,16.0,2025-12-18,13.0,17.0,250.0,4.0,2025-12-29,2.0,0.0,20.0,0.3448275862068966,557,2.0,0,Very High,Very High
C00606,high,Chennai,organic,43,female,2025-10-14,8.0,114934.28,14366.785,8.0,2025-12-21,10.0,8.0,72.0,4.0,2025-12-30,1.0,0.0,5.0,0.0993103448275862,78,9.0,0,High,Medium
C00607,medium,Kolkata,ads,32,male,2024-06-16,24.0,359602.77999999997,14983.449166666665,22.0,2025-11-18,43.0,24.0,240.0,4.0,2025-12-25,6.0,0.0,24.0,0.3310344827586207,563,4.0,0,Very High,Very High
C00609,medium,Delhi,organic,44,female,2025-01-27,14.0,347049.17,24789.226428571426,14.0,2025-12-06,25.0,14.0,153.0,4.0,2025-12-30,1.0,0.0,17.0,0.2110344827586207,338,4.0,0,Very High,High
C00610,medium,Hyderabad,organic,36,other,2025-09-25,5.0,214027.12,42805.424,4.0,2025-12-15,16.0,5.0,49.0,4.0,2025-12-27,4.0,0.0,8.0,0.06758620689655172,97,1.0,0,Medium,Medium
C00614,high,Mumbai,ads,41,other,2024-06-13,61.0,1446321.64,23710.19081967213,48.0,2025-12-27,4.0,61.0,543.0,4.0,2025-12-31,0.0,0.0,56.0,0.7489655172413793,566,14.0,0,Very High,Very High
C00615,medium,Jaipur,ads,43,female,2025-02-25,12.0,190146.85,15845.570833333333,12.0,2025-11-17,44.0,12.0,149.0,4.0,2025-12-29,2.0,0.0,12.0,0.20551724137931035,309,1.0,0,Very High,High
C00616,low,Hyderabad,organic,21,male,2024-12-04,2.0,26646.64,13323.32,2.0,2025-12-29,2.0,2.0,67.0,4.0,2025-12-30,1.0,0.0,6.0,0.09241379310344827,392,0.0,1,Low,Medium
C00618,medium,Hyderabad,ads,18,female,2025-05-10,9.0,96233.64,10692.626666666667,9.0,2025-12-21,10.0,9.0,112.0,4.0,2025-12-29,2.0,0.0,8.0,0.15448275862068966,235,4.0,0,High,High
C00619,high,Bhubaneswar,ads,42,female,2024-12-30,43.0,1066249.23,24796.493720930233,36.0,2025-12-29,2.0,43.0,354.0,4.0,2025-12-31,0.0,0.0,25.0,0.4882758620689655,366,12.0,0,Very High,Very High
C00620,low,Kolkata,organic,32,female,2024-12-07,1.0,79875.84,79875.84,1.0,2025-05-09,236.0,1.0,27.0,4.0,2025-05-25,220.0,0.0,3.0,0.037241379310344824,389,0.0,1,Low,Medium
C00621,low,Bangalore,referral,39,male,2025-05-14,1.0,3042.27,3042.27,1.0,2025-06-01,213.0,1.0,18.0,4.0,2025-08-26,127.0,0.0,1.0,0.02482758620689655,231,0.0,1,Low,Low
C00622,high,Hyderabad,organic,20,female,2025-10-18,8.0,157401.25999999998,19675.157499999998,8.0,2025-12-27,4.0,8.0,77.0,4.0,2025-12-30,1.0,0.0,12.0,0.10620689655172413,74,9.0,0,High,Medium
C00623,medium,Kolkata,organic,49,female,2025-05-25,5.0,38919.61,7783.9220000000005,5.0,2025-12-18,13.0,5.0,75.0,4.0,2025-12-31,0.0,0.0,10.0,0.10344827586206896,220,5.0,0,Medium,Medium
C00624,high,Mumbai,organic,23,male,2024-11-22,38.0,761638.2999999999,20043.113157894735,33.0,2025-12-30,1.0,38.0,382.0,4.0,2025-12-31,0.0,0.0,38.0,0.526896551724138,404,9.0,0,Very High,Very High
C00625,medium,Hyderabad,ads,42,male,2024-08-04,23.0,392107.95,17048.171739130434,23.0,2025-12-21,10.0,23.0,232.0,4.0,2025-12-29,2.0,0.0,22.0,0.32,514,4.0,0,Very High,Very High
C00626,high,Jaipur,organic,36,male,2024-10-27,44.0,1017627.6599999999,23127.901363636363,39.0,2025-12-24,7.0,44.0,405.0,4.0,2025-12-30,1.0,0.0,45.0,0.5586206896551724,430,11.0,0,Very High,Very High
C00627,medium,Chennai,organic,33,female,2024-05-11,28.0,377560.89999999997,13484.317857142856,26.0,2025-12-13,18.0,28.0,292.0,4.0,2025-12-29,2.0,0.0,31.0,0.4027586206896552,599,7.0,0,Very High,Very High
C00628,medium,Ahmedabad,ads,32,female,2024-03-10,32.0,457530.29,14297.8215625,28.0,2025-11-02,59.0,32.0,307.0,4.0,2025-12-31,0.0,0.0,29.0,0.42344827586206896,661,3.0,0,Very High,Very High
C00629,medium,Hyderabad,ads,28,male,2024-09-08,23.0,351499.12,15282.570434782609,22.0,2025-11-01,60.0,23.0,220.0,4.0,2025-12-22,9.0,0.0,22.0,0.30344827586206896,479,4.0,0,Very High,Very High
C00630,medium,Bangalore,ads,47,female,2025-02-18,11.0,143016.13999999998,13001.467272727272,10.0,2025-12-15,16.0,11.0,137.0,4.0,2025-12-31,0.0,0.0,18.0,0.1889655172413793,316,4.0,0,Very High,High
C00631,low,Chennai,organic,35,female,2025-03-20,1.0,1756.3,1756.3,1.0,2025-04-19,256.0,1.0,11.0,3.0,2025-04-27,248.0,0.0,1.0,0.015172413793103448,286,0.0,1,Low,Low
C00632,medium,Jaipur,ads,22,female,2024-06-30,19.0,409073.88,21530.204210526317,17.0,2025-12-13,18.0,19.0,256.0,4.0,2025-12-25,6.0,0.0,17.0,0.35310344827586204,549,4.0,0,Very High,Very High
C00633,high,Bhubaneswar,ads,31,male,2024-06-15,62.0,897637.59,14478.02564516129,47.0,2025-12-30,1.0,62.0,550.0,4.0,2025-12-31,0.0,0.0,66.0,0.7586206896551724,564,10.0,0,Very High,Very High
C00635,high,Bhubaneswar,referral,43,female,2025-12-14,2.0,8766.3,4383.15,2.0,2025-12-26,5.0,2.0,14.0,4.0,2025-12-31,0.0,0.0,1.0,0.019310344827586208,17,12.0,0,Low,Low
C00638,medium,Bangalore,referral,35,male,2024-05-05,16.0,308870.91,19304.431875,14.0,2025-12-29,2.0,16.0,274.0,4.0,2025-12-29,2.0,0.0,35.0,0.3779310344827586,605,6.0,0,Very High,Very High
C00640,high,Jaipur,referral,21,female,2024-06-21,63.0,949347.76,15069.012063492064,50.0,2025-12-29,2.0,63.0,512.0,4.0,2025-12-31,0.0,0.0,44.0,0.7062068965517241,558,12.0,0,Very High,Very High
C00641,medium,Ahmedabad,ads,40,female,2025-10-14,3.0,171172.28999999998,57057.42999999999,3.0,2025-11-25,36.0,3.0,33.0,4.0,2025-12-28,3.0,0.0,3.0,0.04551724137931035,78,4.0,0,Medium,Medium
C00642,medium,Pune,organic,30,male,2024-08-07,25.0,455062.46,18202.4984,23.0,2025-12-20,11.0,25.0,208.0,4.0,2025-12-23,8.0,0.0,19.0,0.2868965517241379,511,4.0,0,Very High,Very High
C00645,high,Ahmedabad,referral,33,male,2025-10-21,9.0,51792.47,5754.718888888889,9.0,2025-12-26,5.0,9.0,83.0,4.0,2025-12-31,0.0,0.0,8.0,0.11448275862068966,71,11.0,0,High,Medium
C00646,medium,Bangalore,ads,42,female,2025-04-20,11.0,172758.97,15705.360909090909,11.0,2025-12-27,4.0,11.0,125.0,4.0,2025-12-28,3.0,0.0,13.0,0.1724137931034483,255,3.0,0,Very High,High
C00647,medium,Bangalore,referral,42,male,2025-03-31,16.0,326783.91,20423.994375,16.0,2025-12-29,2.0,16.0,147.0,4.0,2025-12-30,1.0,0.0,14.0,0.20275862068965517,275,6.0,0,Very High,High
C00648,medium,Mumbai,organic,23,male,2024-12-26,11.0,185990.11,16908.19181818182,11.0,2025-11-30,31.0,11.0,172.0,4.0,2025-12-30,1.0,0.0,19.0,0.23724137931034484,370,5.0,0,Very High,High
C00649,medium,Jaipur,ads,18,female,2024-01-01,20.0,337741.08,16887.054,17.0,2025-12-24,7.0,20.0,340.0,4.0,2025-12-24,7.0,0.0,31.0,0.4689655172413793,730,2.0,0,Very High,Very High
C00650,medium,Bangalore,referral,43,other,2025-01-21,15.0,174795.88,11653.058666666668,15.0,2025-12-20,11.0,15.0,154.0,4.0,2025-12-31,0.0,0.0,20.0,0.21241379310344827,344,3.0,0,Very High,High
C00651,low,Delhi,ads,24,male,2024-12-13,1.0,1323.52,1323.52,1.0,2025-01-19,346.0,1.0,8.0,3.0,2025-01-28,337.0,0.0,1.0,0.011034482758620689,383,0.0,1,Low,Low
C00652,high,Kolkata,referral,18,male,2024-07-08,63.0,1035711.2,16439.860317460316,50.0,2025-11-20,41.0,63.0,564.0,4.0,2025-12-28,3.0,0.0,56.0,0.7779310344827586,541,10.0,0,Very High,Very High
C00654,medium,Chennai,ads,24,male,2024-07-09,8.0,242508.95,30313.61875,7.0,2025-12-06,25.0,8.0,218.0,4.0,2025-12-29,2.0,0.0,24.0,0.3006896551724138,540,4.0,0,High,Very High
C00655,low,Mumbai,ads,27,female,2025-05-22,1.0,1756.3,1756.3,1.0,2025-06-08,206.0,1.0,6.0,3.0,2025-06-25,189.0,0.0,0.0,0.008275862068965517,223,0.0,1,Low,Low
C00656,low,Bangalore,referral,54,female,2025-01-03,2.0,54844.56,27422.28,2.0,2025-04-25,250.0,2.0,71.0,4.0,2025-12-30,1.0,0.0,3.0,0.09793103448275862,362,1.0,0,Low,Medium
C00657,medium,Delhi,ads,18,female,2025-02-12,9.0,137041.63,15226.847777777779,9.0,2025-10-24,68.0,9.0,156.0,4.0,2025-12-29,2.0,0.0,14.0,0.21517241379310345,322,3.0,0,High,High
C00658,medium,Mumbai,organic,22,female,2024-04-26,20.0,411513.26,20575.663,19.0,2025-12-25,6.0,20.0,271.0,4.0,2025-12-27,4.0,0.0,31.0,0.3737931034482759,614,4.0,0,Very High,Very High
C00660,medium,Mumbai,ads,32,female,2024-02-27,19.0,614253.87,32329.15105263158,18.0,2025-12-19,12.0,19.0,305.0,4.0,2025-12-30,1.0,0.0,30.0,0.4206896551724138,673,6.0,0,Very High,Very High
C00662,medium,Delhi,ads,23,female,2025-11-15,1.0,2501.35,2501.35,1.0,2025-12-08,23.0,1.0,21.0,4.0,2025-12-30,1.0,0.0,3.0,0.028965517241379312,46,0.0,1,Low,Medium
C00663,high,Ahmedabad,organic,50,female,2025-11-02,4.0,86604.7,21651.175,4.0,2025-12-15,16.0,4.0,53.0,4.0,2025-12-31,0.0,0.0,7.0,0.07310344827586207,59,12.0,0,Medium,Medium
C00664,medium,Jaipur,ads,37,female,2024-06-21,20.0,161806.29,8090.3145,18.0,2025-12-12,19.0,20.0,253.0,4.0,2025-12-31,0.0,0.0,15.0,0.3489655172413793,558,4.0,0,Very High,Very High
C00666,medium,Bhubaneswar,ads,33,female,2024-03-20,35.0,660446.58,18869.902285714285,32.0,2025-12-31,0.0,35.0,313.0,4.0,2025-12-31,0.0,0.0,37.0,0.4317241379310345,651,1.0,0,Very High,Very High
C00669,medium,Pune,referral,25,male,2024-08-16,18.0,256409.84,14244.99111111111,16.0,2025-12-04,27.0,18.0,230.0,4.0,2025-12-31,0.0,0.0,22.0,0.31724137931034485,502,3.0,0,Very High,Very High
C00670,high,Kolkata,organic,37,female,2025-11-06,6.0,67108.67,11184.778333333334,6.0,2025-12-29,2.0,6.0,51.0,4.0,2025-12-31,0.0,0.0,7.0,0.0703448275862069,55,12.0,0,High,Medium
C00671,low,Pune,organic,41,male,2024-08-14,1.0,18952.5,18952.5,1.0,2024-11-20,406.0,1.0,19.0,3.0,2024-12-11,385.0,0.0,6.0,0.02620689655172414,504,0.0,1,Low,Low
C00672,medium,Hyderabad,referral,50,male,2025-10-20,2.0,48508.899999999994,24254.449999999997,2.0,2025-11-29,32.0,2.0,32.0,4.0,2025-12-28,3.0,0.0,3.0,0.044137931034482755,72,1.0,0,Low,Medium
C00674,medium,Ahmedabad,organic,35,female,2025-03-16,14.0,146072.74,10433.767142857143,13.0,2025-12-06,25.0,14.0,118.0,4.0,2025-12-29,2.0,0.0,17.0,0.16275862068965516,290,6.0,0,Very High,High
C00675,medium,Jaipur,referral,46,female,2025-02-05,14.0,128225.44,9158.960000000001,12.0,2025-12-17,14.0,14.0,182.0,4.0,2025-12-31,0.0,0.0,23.0,0.25103448275862067,329,3.0,0,Very High,High
C00677,medium,Chennai,referral,50,male,2024-08-20,24.0,660079.98,27503.3325,23.0,2025-12-05,26.0,24.0,239.0,4.0,2025-12-28,3.0,0.0,25.0,0.3296551724137931,498,4.0,0,Very High,Very High
C00678,medium,Bhubaneswar,ads,27,female,2024-10-31,15.0,223082.77,14872.184666666666,14.0,2025-12-28,3.0,15.0,202.0,4.0,2025-12-28,3.0,0.0,23.0,0.2786206896551724,426,1.0,0,Very High,Very High
C00679,medium,Pune,ads,32,female,2025-06-09,6.0,92205.58,15367.596666666666,6.0,2025-11-22,39.0,6.0,81.0,4.0,2025-12-30,1.0,0.0,9.0,0.11172413793103449,205,5.0,0,High,Medium
C00680,medium,Ahmedabad,ads,39,female,2024-05-22,25.0,421029.95999999996,16841.198399999997,23.0,2025-12-15,16.0,25.0,291.0,4.0,2025-12-29,2.0,0.0,27.0,0.4013793103448276,588,3.0,0,Very High,Very High
C00681,medium,Pune,organic,33,male,2025-02-18,14.0,185008.14,13214.867142857143,12.0,2025-11-23,38.0,14.0,132.0,4.0,2025-12-31,0.0,0.0,12.0,0.1820689655172414,316,1.0,0,Very High,High
C00683,medium,Kolkata,ads,50,female,2025-01-07,15.0,146540.41,9769.360666666667,15.0,2025-12-18,13.0,15.0,179.0,4.0,2025-12-27,4.0,0.0,12.0,0.24689655172413794,358,2.0,0,Very High,High
C00684,medium,Bhubaneswar,organic,31,male,2025-07-19,10.0,292074.79,29207.479,10.0,2025-12-10,21.0,10.0,90.0,4.0,2025-12-29,2.0,0.0,7.0,0.12413793103448276,165,1.0,0,High,Medium
C00685,medium,Hyderabad,organic,24,female,2024-09-15,15.0,304442.82999999996,20296.188666666665,15.0,2025-12-02,29.0,15.0,234.0,4.0,2025-12-28,3.0,0.0,25.0,0.32275862068965516,472,2.0,0,Very High,Very High
C00686,medium,Ahmedabad,organic,53,male,2025-10-17,1.0,14274.0,14274.0,1.0,2025-10-17,75.0,1.0,30.0,4.0,2025-12-30,1.0,0.0,9.0,0.041379310344827586,75,4.0,0,Low,Medium
C00687,medium,Jaipur,referral,40,female,2025-04-15,10.0,184726.76,18472.676,10.0,2025-10-28,64.0,10.0,126.0,4.0,2025-12-25,6.0,0.0,12.0,0.17379310344827587,260,3.0,0,High,High
C00688,low,Pune,ads,54,female,2024-01-12,1.0,12236.0,12236.0,1.0,2024-02-25,675.0,1.0,14.0,4.0,2024-03-31,640.0,0.0,1.0,0.019310344827586208,719,0.0,1,Low,Low
C00690,medium,Kolkata,referral,21,female,2024-12-23,14.0,318937.89999999997,22781.278571428567,13.0,2025-11-24,37.0,14.0,157.0,4.0,2025-12-30,1.0,0.0,14.0,0.21655172413793103,373,4.0,0,Very High,High
C00691,medium,Bangalore,ads,41,male,2025-02-11,7.0,104681.75,14954.535714285714,7.0,2025-10-20,72.0,7.0,174.0,4.0,2025-12-29,2.0,0.0,16.0,0.24,323,3.0,0,High,High
C00692,high,Bhubaneswar,referral,25,female,2025-10-29,6.0,99972.67,16662.111666666668,6.0,2025-12-21,10.0,6.0,62.0,4.0,2025-12-31,0.0,0.0,6.0,0.08551724137931034,63,13.0,0,High,Medium
C00693,medium,Pune,organic,35,male,2025-01-07,16.0,172313.73,10769.608125,16.0,2025-12-31,0.0,16.0,154.0,4.0,2025-12-31,0.0,0.0,9.0,0.21241379310344827,358,2.0,0,Very High,High
C00694,medium,Kolkata,organic,34,male,2024-01-08,32.0,535940.58,16748.143125,28.0,2025-12-26,5.0,32.0,361.0,4.0,2025-12-31,0.0,0.0,37.0,0.4979310344827586,723,3.0,0,Very High,Very High
C00695,medium,Kolkata,ads,18,male,2024-05-01,17.0,242964.18,14292.010588235295,16.0,2025-12-05,26.0,17.0,278.0,4.0,2025-12-29,2.0,0.0,28.0,0.383448275862069,609,0.0,1,Very High,Very High
C00696,medium,Delhi,ads,26,male,2024-12-13,8.0,171193.15,21399.14375,8.0,2025-11-14,47.0,8.0,174.0,4.0,2025-12-28,3.0,0.0,22.0,0.24,383,4.0,0,High,High
C00697,high,Pune,referral,57,female,2025-11-06,9.0,142044.09,15782.676666666666,9.0,2025-12-30,1.0,9.0,60.0,4.0,2025-12-31,0.0,0.0,3.0,0.08275862068965517,55,10.0,0,High,Medium
C00698,high,Delhi,ads,37,female,2024-03-30,84.0,1348155.23,16049.467023809524,60.0,2025-11-23,38.0,84.0,616.0,4.0,2025-12-29,2.0,0.0,61.0,0.8496551724137931,641,10.0,0,Very High,Very High
C00699,low,Jaipur,organic,33,female,2025-10-09,1.0,4570.02,4570.02,1.0,2025-12-21,10.0,1.0,10.0,4.0,2025-12-25,6.0,0.0,1.0,0.013793103448275862,83,0.0,1,Low,Low
C00701,medium,Kolkata,ads,31,female,2024-11-11,16.0,281918.61,17619.913125,15.0,2025-12-26,5.0,16.0,183.0,4.0,2025-12-31,0.0,0.0,17.0,0.2524137931034483,415,4.0,0,Very High,High
C00702,high,Bangalore,organic,34,female,2024-06-26,73.0,1284113.41,17590.594657534246,50.0,2025-12-28,3.0,73.0,593.0,4.0,2025-12-31,0.0,0.0,75.0,0.8179310344827586,553,10.0,0,Very High,Very High
C00703,high,Bangalore,ads,44,male,2025-06-23,24.0,365848.58999999997,15243.691249999998,21.0,2025-12-26,5.0,24.0,190.0,4.0,2025-12-31,0.0,0.0,16.0,0.2620689655172414,191,5.0,0,Very High,High
C00704,low,Delhi,referral,30,male,2024-02-10,1.0,16058.279999999999,16058.279999999999,1.0,2024-02-10,690.0,1.0,12.0,4.0,2024-04-26,614.0,0.0,1.0,0.016551724137931035,690,0.0,1,Low,Low
C00705,medium,Kolkata,referral,27,female,2025-12-04,1.0,39486.76,39486.76,1.0,2025-12-29,2.0,1.0,16.0,3.0,2025-12-29,2.0,0.0,1.0,0.022068965517241378,27,5.0,0,Low,Low
C00706,medium,Delhi,ads,18,male,2025-05-16,7.0,146638.57,20948.367142857143,7.0,2025-12-28,3.0,7.0,104.0,4.0,2025-12-28,3.0,0.0,12.0,0.14344827586206896,229,2.0,0,High,High
C00707,medium,Bhubaneswar,organic,25,male,2024-05-24,19.0,202485.66999999998,10657.140526315789,19.0,2025-11-18,43.0,19.0,280.0,4.0,2025-12-29,2.0,0.0,29.0,0.38620689655172413,586,0.0,1,Very High,Very High
C00708,low,Delhi,organic,25,male,2024-07-19,1.0,14474.88,14474.88,1.0,2024-09-13,474.0,1.0,15.0,4.0,2024-09-22,465.0,0.0,2.0,0.020689655172413793,530,0.0,1,Low,Low
C00710,high,Pune,ads,28,male,2025-04-05,23.0,411778.82999999996,17903.427391304347,22.0,2025-12-27,4.0,23.0,234.0,4.0,2025-12-31,0.0,0.0,22.0,0.32275862068965516,270,12.0,0,Very High,Very High
C00711,medium,Jaipur,organic,56,female,2025-07-11,10.0,135877.44999999998,13587.744999999999,9.0,2025-12-18,13.0,10.0,95.0,4.0,2025-12-29,2.0,0.0,8.0,0.1310344827586207,173,4.0,0,High,Medium
C00712,medium,Mumbai,organic,24,male,2025-06-30,7.0,235015.72,33573.67428571429,7.0,2025-12-16,15.0,7.0,93.0,4.0,2025-12-28,3.0,0.0,10.0,0.12827586206896552,184,5.0,0,High,Medium
C00713,medium,Kolkata,referral,49,male,2024-09-09,12.0,297783.04,24815.25333333333,12.0,2025-11-04,57.0,12.0,223.0,4.0,2025-12-30,1.0,0.0,23.0,0.30758620689655175,478,3.0,0,Very High,Very High
C00714,medium,Bangalore,referral,37,male,2025-01-24,13.0,219040.95,16849.303846153845,12.0,2025-12-30,1.0,13.0,146.0,4.0,2025-12-31,0.0,0.0,17.0,0.2013793103448276,341,4.0,0,Very High,High
C00715,medium,Ahmedabad,ads,43,female,2025-08-16,4.0,122209.75,30552.4375,4.0,2025-10-24,68.0,4.0,62.0,4.0,2025-12-31,0.0,0.0,7.0,0.08551724137931034,137,2.0,0,Medium,Medium
C00717,medium,Mumbai,organic,18,female,2025-12-09,1.0,75716.87999999999,75716.87999999999,1.0,2025-12-29,2.0,1.0,7.0,4.0,2025-12-31,0.0,0.0,1.0,0.009655172413793104,22,2.0,0,Low,Low
C00718,high,Hyderabad,organic,34,female,2025-03-25,37.0,618678.4199999999,16721.038378378376,32.0,2025-12-27,4.0,37.0,311.0,4.0,2025-12-30,1.0,0.0,31.0,0.4289655172413793,281,17.0,0,Very High,Very High
C00719,medium,Ahmedabad,ads,32,female,2024-01-10,27.0,400512.02,14833.778518518518,25.0,2025-12-30,1.0,27.0,384.0,4.0,2025-12-31,0.0,0.0,40.0,0.5296551724137931,721,4.0,0,Very High,Very High
C00721,medium,Hyderabad,referral,39,male,2024-09-07,13.0,292771.14999999997,22520.85769230769,13.0,2025-11-30,31.0,13.0,200.0,4.0,2025-12-31,0.0,0.0,21.0,0.27586206896551724,480,1.0,0,Very High,High
C00722,low,Bangalore,referral,52,male,2024-01-05,1.0,6071.04,6071.04,1.0,2024-03-19,652.0,1.0,18.0,4.0,2024-03-27,644.0,0.0,7.0,0.02482758620689655,726,0.0,1,Low,Low
C00723,high,Bangalore,organic,18,male,2024-04-28,79.0,1302322.82,16485.098987341775,61.0,2025-12-17,14.0,79.0,615.0,4.0,2025-12-31,0.0,0.0,61.0,0.8482758620689655,612,11.0,0,Very High,Very High
C00724,medium,Kolkata,ads,29,male,2025-01-08,9.0,190921.33000000002,21213.481111111112,8.0,2025-12-06,25.0,9.0,151.0,4.0,2025-12-28,3.0,0.0,16.0,0.2082758620689655,357,4.0,0,High,High
C00725,high,Ahmedabad,ads,22,female,2024-03-05,77.0,1382622.7,17956.13896103896,57.0,2025-12-27,4.0,77.0,622.0,4.0,2025-12-30,1.0,0.0,62.0,0.8579310344827586,666,18.0,0,Very High,Very High
C00726,medium,Bhubaneswar,referral,35,male,2024-05-25,22.0,464010.36,21091.38,20.0,2025-12-20,11.0,22.0,278.0,4.0,2025-12-29,2.0,0.0,29.0,0.383448275862069,585,1.0,0,Very High,Very High
C00727,low,Delhi,referral,31,female,2024-08-11,1.0,830.3199999999999,830.3199999999999,1.0,2024-09-15,472.0,1.0,18.0,3.0,2024-11-08,418.0,0.0,0.0,0.02482758620689655,507,0.0,1,Low,Low
C00729,medium,Pune,organic,41,other,2024-06-25,25.0,454055.32999999996,18162.2132,23.0,2025-12-22,9.0,25.0,290.0,4.0,2025-12-30,1.0,0.0,20.0,0.4,554,4.0,0,Very High,Very High
C00730,medium,Bangalore,ads,51,male,2024-10-08,10.0,255011.33999999997,25501.134,10.0,2025-12-12,19.0,10.0,179.0,4.0,2025-12-31,0.0,0.0,17.0,0.24689655172413794,449,1.0,0,High,High
C00732,medium,Ahmedabad,organic,27,female,2024-08-04,26.0,373495.63999999996,14365.216923076921,22.0,2025-12-12,19.0,26.0,241.0,4.0,2025-12-30,1.0,0.0,28.0,0.33241379310344826,514,4.0,0,Very High,Very High
C00733,high,Bangalore,ads,18,female,2025-11-19,3.0,20818.23,6939.41,2.0,2025-12-21,10.0,3.0,34.0,4.0,2025-12-28,3.0,0.0,2.0,0.04689655172413793,42,14.0,0,Medium,Medium
C00734,medium,Bangalore,ads,40,female,2025-04-05,9.0,226308.44,25145.382222222222,9.0,2025-12-06,25.0,9.0,121.0,4.0,2025-12-30,1.0,0.0,15.0,0.16689655172413792,270,3.0,0,High,High
C00735,medium,Mumbai,organic,51,female,2025-09-01,6.0,69626.95999999999,11604.493333333332,6.0,2025-12-17,14.0,6.0,41.0,4.0,2025-12-31,0.0,0.0,5.0,0.05655172413793103,121,5.0,0,High,Medium
C00736,medium,Jaipur,referral,43,male,2024-04-14,27.0,397458.55,14720.687037037036,24.0,2025-12-11,20.0,27.0,300.0,4.0,2025-12-30,1.0,0.0,32.0,0.41379310344827586,626,3.0,0,Very High,Very High
C00737,medium,Delhi,organic,51,male,2024-04-08,23.0,418208.57,18182.981304347828,20.0,2025-10-18,74.0,23.0,278.0,4.0,2025-12-31,0.0,0.0,19.0,0.383448275862069,632,3.0,0,Very High,Very High
C00738,medium,Ahmedabad,ads,32,male,2025-05-25,11.0,115995.16,10545.014545454545,11.0,2025-12-06,25.0,11.0,98.0,4.0,2025-12-29,2.0,0.0,6.0,0.13517241379310344,220,3.0,0,Very High,Medium
C00739,medium,Hyderabad,ads,28,female,2025-01-19,16.0,264099.98,16506.24875,16.0,2025-12-08,23.0,16.0,162.0,4.0,2025-12-30,1.0,0.0,15.0,0.22344827586206897,346,1.0,0,Very High,High
C00740,high,Hyderabad,organic,36,male,2025-02-08,39.0,538510.9,13807.971794871795,33.0,2025-12-26,5.0,39.0,307.0,4.0,2025-12-31,0.0,0.0,32.0,0.42344827586206896,326,6.0,0,Very High,Very High
C00741,medium,Bhubaneswar,ads,31,male,2025-06-01,8.0,133272.61,16659.07625,8.0,2025-12-20,11.0,8.0,102.0,4.0,2025-12-31,0.0,0.0,7.0,0.1406896551724138,213,6.0,0,High,High
C00742,low,Chennai,ads,41,female,2025-04-20,1.0,3716.16,3716.16,1.0,2025-04-28,247.0,1.0,31.0,4.0,2025-09-30,92.0,0.0,1.0,0.04275862068965517,255,0.0,1,Low,Medium
C00744,medium,Chennai,organic,45,female,2025-10-06,4.0,27160.47,6790.1175,4.0,2025-12-30,1.0,4.0,34.0,4.0,2025-12-30,1.0,0.0,2.0,0.04689655172413793,86,8.0,0,Medium,Medium
C00746,low,Hyderabad,ads,37,male,2024-01-23,1.0,6084.54,6084.54,1.0,2024-02-01,699.0,1.0,9.0,4.0,2024-02-29,671.0,0.0,1.0,0.012413793103448275,708,0.0,1,Low,Low
C00747,medium,Ahmedabad,ads,42,male,2025-07-18,3.0,45674.04,15224.68,3.0,2025-12-19,12.0,3.0,83.0,4.0,2025-12-27,4.0,0.0,4.0,0.11448275862068966,166,6.0,0,Medium,Medium
C00748,high,Bangalore,referral,18,female,2025-11-07,8.0,52985.369999999995,6623.171249999999,8.0,2025-12-29,2.0,8.0,52.0,4.0,2025-12-30,1.0,0.0,5.0,0.07172413793103448,54,14.0,0,High,Medium
C00753,medium,Hyderabad,referral,39,male,2024-03-25,25.0,416363.23,16654.5292,22.0,2025-11-13,48.0,25.0,295.0,4.0,2025-12-30,1.0,0.0,36.0,0.4068965517241379,646,3.0,0,Very High,Very High
C00754,medium,Pune,ads,29,female,2024-03-18,24.0,394046.08,16418.586666666666,24.0,2025-11-07,54.0,24.0,285.0,4.0,2025-12-30,1.0,0.0,36.0,0.3931034482758621,653,6.0,0,Very High,Very High
C00755,high,Pune,ads,46,male,2025-04-01,43.0,687950.01,15998.837441860465,40.0,2025-12-30,1.0,43.0,277.0,4.0,2025-12-31,0.0,0.0,22.0,0.3820689655172414,274,16.0,0,Very High,Very High
C00756,medium,Kolkata,referral,39,male,2024-01-01,30.0,480243.51,16008.117,25.0,2025-12-30,1.0,30.0,362.0,4.0,2025-12-30,1.0,0.0,33.0,0.4993103448275862,730,3.0,0,Very High,Very High
C00757,medium,Hyderabad,ads,36,female,2024-02-20,24.0,298660.61,12444.192083333333,24.0,2025-12-10,21.0,24.0,343.0,4.0,2025-12-27,4.0,0.0,29.0,0.4731034482758621,680,2.0,0,Very High,Very High
C00758,medium,Ahmedabad,ads,28,male,2025-11-15,3.0,24551.04,8183.68,3.0,2025-12-30,1.0,3.0,21.0,4.0,2025-12-31,0.0,0.0,1.0,0.028965517241379312,46,1.0,0,Medium,Medium
C00761,medium,Pune,organic,27,female,2025-03-24,10.0,144979.47,14497.947,10.0,2025-12-29,2.0,10.0,149.0,4.0,2025-12-29,2.0,0.0,11.0,0.20551724137931035,282,1.0,0,High,High
C00762,medium,Kolkata,ads,34,female,2025-05-02,6.0,79304.76,13217.46,6.0,2025-12-29,2.0,6.0,105.0,4.0,2025-12-29,2.0,0.0,11.0,0.14482758620689656,243,1.0,0,High,High
C00763,high,Jaipur,ads,41,female,2024-02-03,85.0,1406727.42,16549.734352941177,58.0,2025-12-06,25.0,85.0,662.0,4.0,2025-12-31,0.0,0.0,63.0,0.9131034482758621,697,11.0,0,Very High,Very High
C00764,medium,Bangalore,organic,40,female,2024-12-13,10.0,103920.66,10392.066,10.0,2025-11-26,35.0,10.0,150.0,4.0,2025-12-30,1.0,0.0,10.0,0.20689655172413793,383,4.0,0,High,High
C00766,medium,Jaipur,organic,35,female,2024-03-12,18.0,451211.14999999997,25067.28611111111,17.0,2025-12-27,4.0,18.0,290.0,4.0,2025-12-30,1.0,0.0,30.0,0.4,659,5.0,0,Very High,Very High
C00767,low,Ahmedabad,referral,45,female,2025-07-04,1.0,19156.56,19156.56,1.0,2025-08-02,151.0,1.0,8.0,3.0,2025-08-25,128.0,0.0,1.0,0.011034482758620689,180,0.0,1,Low,Low
C00768,medium,Jaipur,organic,47,female,2024-06-02,23.0,400413.31,17409.274347826085,20.0,2025-12-26,5.0,23.0,279.0,4.0,2025-12-29,2.0,0.0,23.0,0.38482758620689655,577,4.0,0,Very High,Very High
C00769,medium,Bangalore,referral,42,female,2024-09-06,18.0,319280.48,17737.804444444442,16.0,2025-12-23,8.0,18.0,216.0,4.0,2025-12-31,0.0,0.0,24.0,0.2979310344827586,481,4.0,0,Very High,Very High
C00770,medium,Jaipur,ads,29,female,2025-11-04,3.0,53860.52,17953.506666666664,3.0,2025-12-07,24.0,3.0,17.0,4.0,2025-12-31,0.0,0.0,3.0,0.023448275862068966,57,3.0,0,Medium,Low
C00771,medium,Ahmedabad,ads,24,male,2025-03-13,9.0,145920.33,16213.369999999999,9.0,2025-12-31,0.0,9.0,137.0,4.0,2025-12-31,0.0,0.0,18.0,0.1889655172413793,293,2.0,0,High,High
C00773,medium,Bangalore,referral,54,female,2024-11-01,13.0,488648.45,37588.342307692306,12.0,2025-11-11,50.0,13.0,181.0,4.0,2025-12-25,6.0,0.0,20.0,0.2496551724137931,425,2.0,0,Very High,High
C00775,medium,Kolkata,ads,56,male,2024-02-23,23.0,324328.75,14101.25,21.0,2025-11-25,36.0,23.0,325.0,4.0,2025-12-28,3.0,0.0,28.0,0.4482758620689655,677,6.0,0,Very High,Very High
C00776,low,Hyderabad,referral,33,female,2024-08-23,1.0,13702.77,13702.77,1.0,2024-08-28,490.0,1.0,14.0,4.0,2024-10-30,427.0,0.0,2.0,0.019310344827586208,495,0.0,1,Low,Low
C00777,high,Jaipur,referral,32,male,2025-01-23,33.0,596581.09,18078.214848484848,32.0,2025-12-25,6.0,33.0,325.0,4.0,2025-12-31,0.0,0.0,36.0,0.4482758620689655,342,20.0,0,Very High,Very High
C00778,low,Mumbai,ads,34,female,2025-02-04,1.0,7266.24,7266.24,1.0,2025-07-24,160.0,1.0,45.0,4.0,2025-12-28,3.0,0.0,5.0,0.06206896551724138,330,2.0,0,Low,Medium
C00779,medium,Bhubaneswar,referral,34,female,2025-09-15,3.0,23979.76,7993.253333333333,3.0,2025-11-19,42.0,3.0,42.0,4.0,2025-12-29,2.0,0.0,7.0,0.057931034482758624,107,3.0,0,Medium,Medium
C00780,medium,Ahmedabad,ads,27,male,2024-10-29,16.0,393059.51,24566.219375,15.0,2025-12-31,0.0,16.0,207.0,4.0,2025-12-31,0.0,0.0,22.0,0.28551724137931034,428,5.0,0,Very High,Very High
C00781,medium,Pune,organic,23,male,2024-07-25,11.0,217483.89,19771.26272727273,11.0,2025-09-28,94.0,11.0,246.0,4.0,2025-12-31,0.0,0.0,21.0,0.3393103448275862,524,3.0,0,Very High,Very High
C00783,high,Pune,organic,45,male,2025-07-31,21.0,483445.74,23021.225714285712,17.0,2025-12-23,8.0,21.0,145.0,4.0,2025-12-29,2.0,0.0,20.0,0.2,153,8.0,0,Very High,High
C00784,medium,Jaipur,organic,59,male,2024-03-15,22.0,464567.46,21116.70272727273,21.0,2025-12-22,9.0,22.0,319.0,4.0,2025-12-31,0.0,0.0,27.0,0.44,656,3.0,0,Very High,Very High
C00785,low,Kolkata,ads,30,male,2025-03-10,3.0,20394.48,6798.16,3.0,2025-07-29,155.0,3.0,24.0,3.0,2025-07-31,153.0,0.0,0.0,0.03310344827586207,296,0.0,1,Medium,Medium
C00786,medium,Delhi,ads,31,female,2024-04-12,22.0,363016.07,16500.730454545454,18.0,2025-12-24,7.0,22.0,286.0,4.0,2025-12-30,1.0,0.0,32.0,0.39448275862068966,628,7.0,0,Very High,Very High
C00787,high,Bangalore,organic,27,male,2025-02-25,32.0,421823.24,13181.97625,32.0,2025-12-17,14.0,32.0,275.0,4.0,2025-12-30,1.0,0.0,29.0,0.3793103448275862,309,8.0,0,Very High,Very High
C00788,medium,Pune,referral,46,female,2025-12-04,2.0,16289.699999999999,8144.849999999999,2.0,2025-12-17,14.0,2.0,19.0,4.0,2025-12-25,6.0,0.0,6.0,0.02620689655172414,27,0.0,1,Low,Low
C00789,medium,Pune,organic,43,female,2024-11-01,17.0,301003.15,17706.067647058826,17.0,2025-12-28,3.0,17.0,205.0,4.0,2025-12-31,0.0,0.0,23.0,0.2827586206896552,425,1.0,0,Very High,Very High
C00790,low,Bangalore,referral,26,male,2024-04-07,1.0,7480.2,7480.2,1.0,2024-05-12,598.0,1.0,23.0,3.0,2024-08-28,490.0,0.0,0.0,0.031724137931034485,633,0.0,1,Low,Medium
C00792,medium,Jaipur,referral,44,male,2025-03-10,5.0,93843.29999999999,18768.659999999996,5.0,2025-12-28,3.0,5.0,143.0,4.0,2025-12-28,3.0,0.0,10.0,0.19724137931034483,296,2.0,0,Medium,High
C00793,low,Ahmedabad,referral,38,female,2025-03-22,1.0,5213.34,5213.34,1.0,2025-04-02,273.0,1.0,8.0,3.0,2025-04-28,247.0,0.0,0.0,0.011034482758620689,284,0.0,1,Low,Low
C00794,medium,Hyderabad,organic,42,female,2024-11-03,17.0,550029.48,32354.675294117646,17.0,2025-12-31,0.0,17.0,205.0,4.0,2025-12-31,0.0,0.0,18.0,0.2827586206896552,423,1.0,0,Very High,Very High
C00795,high,Pune,ads,26,male,2024-09-05,61.0,989166.82,16215.849508196721,49.0,2025-12-31,0.0,61.0,474.0,4.0,2025-12-31,0.0,0.0,40.0,0.6537931034482759,482,10.0,0,Very High,Very High
C00796,medium,Delhi,organic,18,female,2024-06-14,21.0,371704.76,17700.226666666666,20.0,2025-12-12,19.0,21.0,242.0,4.0,2025-12-31,0.0,0.0,22.0,0.33379310344827584,565,1.0,0,Very High,Very High
C00797,medium,Delhi,organic,26,other,2025-04-25,3.0,41359.89,13786.63,3.0,2025-12-07,24.0,3.0,116.0,4.0,2025-12-27,4.0,0.0,9.0,0.16,250,1.0,0,Medium,High
C00798,high,Kolkata,ads,41,female,2024-11-30,52.0,848111.77,16309.84173076923,40.0,2025-12-15,16.0,52.0,372.0,4.0,2025-12-31,0.0,0.0,39.0,0.5131034482758621,396,14.0,0,Very High,Very High
C00801,medium,Jaipur,referral,57,male,2025-07-16,6.0,122564.72,20427.453333333335,6.0,2025-12-08,23.0,6.0,71.0,4.0,2025-12-30,1.0,0.0,9.0,0.09793103448275862,168,5.0,0,High,Medium
C00802,medium,Ahmedabad,organic,43,female,2024-03-21,29.0,202007.69,6965.782413793104,25.0,2025-12-20,11.0,29.0,321.0,4.0,2025-12-31,0.0,0.0,34.0,0.44275862068965516,650,2.0,0,Very High,Very High
C00805,low,Kolkata,referral,43,male,2024-07-02,2.0,9822.92,4911.46,2.0,2025-04-12,263.0,2.0,98.0,4.0,2025-12-24,7.0,0.0,9.0,0.13517241379310344,547,1.0,0,Low,Medium
C00806,medium,Bangalore,ads,18,female,2025-02-04,10.0,136973.88999999998,13697.389,10.0,2025-10-01,91.0,10.0,164.0,4.0,2025-12-31,0.0,0.0,26.0,0.22620689655172413,330,5.0,0,High,High
C00808,medium,Delhi,ads,46,male,2025-05-22,13.0,275192.71,21168.670000000002,12.0,2025-12-07,24.0,13.0,111.0,4.0,2025-12-24,7.0,0.0,10.0,0.15310344827586206,223,2.0,0,Very High,High
C00809,medium,Ahmedabad,ads,38,male,2024-03-09,22.0,292933.88,13315.176363636363,20.0,2025-12-30,1.0,22.0,310.0,4.0,2025-12-31,0.0,0.0,30.0,0.42758620689655175,662,5.0,0,Very High,Very High
C00810,high,Bhubaneswar,referral,34,female,2025-06-29,22.0,282829.8,12855.9,21.0,2025-12-20,11.0,22.0,186.0,4.0,2025-12-30,1.0,0.0,13.0,0.25655172413793104,185,11.0,0,Very High,High
C00811,high,Mumbai,organic,33,male,2024-02-22,88.0,2093536.19,23790.183977272725,62.0,2025-12-29,2.0,88.0,645.0,4.0,2025-12-29,2.0,0.0,67.0,0.8896551724137931,678,16.0,0,Very High,Very High
C00812,medium,Mumbai,organic,32,male,2025-03-25,8.0,250645.9,31330.7375,7.0,2025-12-22,9.0,8.0,115.0,4.0,2025-12-26,5.0,0.0,11.0,0.15862068965517243,281,4.0,0,High,High
C00813,medium,Bhubaneswar,referral,23,male,2024-07-23,21.0,207787.57,9894.64619047619,20.0,2025-12-24,7.0,21.0,223.0,4.0,2025-12-28,3.0,0.0,24.0,0.30758620689655175,526,3.0,0,Very High,Very High
C00814,high,Delhi,referral,28,female,2024-05-05,53.0,1458473.21,27518.362452830188,45.0,2025-12-30,1.0,53.0,565.0,4.0,2025-12-31,0.0,0.0,71.0,0.7793103448275862,605,12.0,0,Very High,Very High
C00816,high,Ahmedabad,ads,36,male,2024-04-20,89.0,1823238.8599999999,20485.829887640448,68.0,2025-12-28,3.0,89.0,623.0,4.0,2025-12-31,0.0,0.0,62.0,0.8593103448275862,620,13.0,0,Very High,Very High
C00817,medium,Bangalore,ads,29,female,2025-10-24,4.0,43287.88,10821.97,4.0,2025-12-22,9.0,4.0,33.0,4.0,2025-12-28,3.0,0.0,1.0,0.04551724137931035,68,5.0,0,Medium,Medium
C00818,medium,Pune,ads,26,female,2024-07-01,21.0,251023.12,11953.481904761904,19.0,2025-12-25,6.0,21.0,255.0,4.0,2025-12-31,0.0,0.0,34.0,0.35172413793103446,548,5.0,0,Very High,Very High
C00819,low,Hyderabad,organic,42,male,2024-04-04,5.0,173353.49000000002,34670.698000000004,5.0,2025-03-12,294.0,5.0,58.0,4.0,2025-03-29,277.0,0.0,6.0,0.08,636,0.0,1,Medium,Medium
C00820,medium,Pune,ads,38,female,2025-01-08,16.0,196606.56,12287.91,16.0,2025-12-23,8.0,16.0,155.0,4.0,2025-12-30,1.0,0.0,16.0,0.21379310344827587,357,1.0,0,Very High,High
C00821,high,Pune,organic,29,female,2025-06-03,32.0,426282.7,13321.334375,29.0,2025-12-29,2.0,32.0,214.0,4.0,2025-12-31,0.0,0.0,21.0,0.29517241379310344,211,9.0,0,Very High,Very High
C00822,medium,Jaipur,organic,40,female,2024-12-25,13.0,193233.47,14864.113076923077,13.0,2025-12-25,6.0,13.0,150.0,4.0,2025-12-30,1.0,0.0,16.0,0.20689655172413793,371,2.0,0,Very High,High
C00823,low,Delhi,referral,30,male,2025-11-26,1.0,1477.52,1477.52,1.0,2025-11-30,31.0,1.0,8.0,3.0,2025-12-27,4.0,0.0,0.0,0.011034482758620689,35,0.0,1,Low,Low
C00825,medium,Jaipur,referral,44,male,2024-07-13,14.0,264399.39999999997,18885.671428571426,14.0,2025-12-25,6.0,14.0,249.0,4.0,2025-12-31,0.0,0.0,27.0,0.34344827586206894,536,3.0,0,Very High,Very High
C00826,medium,Delhi,organic,28,male,2024-07-13,14.0,430864.04,30776.002857142856,12.0,2025-10-27,65.0,14.0,253.0,4.0,2025-12-30,1.0,0.0,25.0,0.3489655172413793,536,4.0,0,Very High,Very High
C00827,low,Chennai,organic,23,female,2025-10-28,1.0,10072.5,10072.5,1.0,2025-11-03,58.0,1.0,6.0,4.0,2025-11-19,42.0,0.0,1.0,0.008275862068965517,64,0.0,1,Low,Low
C00828,high,Bangalore,ads,33,female,2024-04-02,68.0,1042994.01,15338.147205882353,47.0,2025-12-16,15.0,68.0,589.0,4.0,2025-12-31,0.0,0.0,60.0,0.8124137931034483,638,11.0,0,Very High,Very High
C00829,medium,Delhi,ads,21,female,2025-11-02,3.0,42168.65,14056.216666666667,3.0,2025-12-22,9.0,3.0,34.0,4.0,2025-12-24,7.0,0.0,1.0,0.04689655172413793,59,4.0,0,Medium,Medium
C00830,medium,Mumbai,ads,32,male,2024-03-01,20.0,365357.49,18267.874499999998,17.0,2025-11-22,39.0,20.0,319.0,4.0,2025-12-26,5.0,0.0,31.0,0.44,670,3.0,0,Very High,Very High
C00831,high,Jaipur,referral,32,male,2025-09-25,10.0,160567.05,16056.704999999998,10.0,2025-12-18,13.0,10.0,82.0,4.0,2025-12-31,0.0,0.0,5.0,0.11310344827586206,97,11.0,0,High,Medium
C00832,medium,Chennai,organic,18,female,2024-02-20,24.0,373304.3,15554.345833333333,22.0,2025-11-09,52.0,24.0,338.0,4.0,2025-12-23,8.0,0.0,42.0,0.46620689655172415,680,6.0,0,Very High,Very High
C00833,medium,Bangalore,referral,40,male,2025-02-06,15.0,265248.74,17683.249333333333,15.0,2025-12-29,2.0,15.0,149.0,4.0,2025-12-29,2.0,0.0,12.0,0.20551724137931035,328,6.0,0,Very High,High
C00834,medium,Hyderabad,organic,33,male,2024-01-05,33.0,634890.85,19239.116666666665,30.0,2025-12-26,5.0,33.0,314.0,4.0,2025-12-31,0.0,0.0,29.0,0.43310344827586206,726,2.0,0,Very High,Very High
C00835,low,Ahmedabad,referral,46,female,2025-04-10,1.0,1255.5,1255.5,1.0,2025-04-24,251.0,1.0,23.0,4.0,2025-07-22,162.0,0.0,4.0,0.031724137931034485,265,0.0,1,Low,Medium
C00836,medium,Hyderabad,ads,37,female,2025-08-26,4.0,55482.14,13870.535,4.0,2025-12-30,1.0,4.0,60.0,4.0,2025-12-31,0.0,0.0,5.0,0.08275862068965517,127,6.0,0,Medium,Medium
C00838,high,Mumbai,ads,46,male,2025-06-17,26.0,516611.55,19869.675,22.0,2025-12-11,20.0,26.0,186.0,4.0,2025-12-29,2.0,0.0,20.0,0.25655172413793104,197,11.0,0,Very High,High
C00839,medium,Bhubaneswar,organic,33,male,2025-02-08,15.0,258028.22,17201.881333333335,13.0,2025-12-30,1.0,15.0,149.0,4.0,2025-12-31,0.0,0.0,19.0,0.20551724137931035,326,3.0,0,Very High,High
C00840,high,Bhubaneswar,referral,34,female,2025-05-27,26.0,465687.69,17911.065,25.0,2025-12-14,17.0,26.0,197.0,4.0,2025-12-29,2.0,0.0,18.0,0.2717241379310345,218,16.0,0,Very High,High
C00843,medium,Pune,referral,33,female,2025-06-07,4.0,125746.09000000001,31436.522500000003,4.0,2025-11-26,35.0,4.0,83.0,4.0,2025-12-26,5.0,0.0,13.0,0.11448275862068966,207,4.0,0,Medium,Medium
C00844,low,Delhi,organic,24,female,2024-12-11,1.0,4925.610000000001,4925.610000000001,1.0,2025-01-03,362.0,1.0,9.0,3.0,2025-02-13,321.0,0.0,0.0,0.012413793103448275,385,0.0,1,Low,Low
C00845,medium,Ahmedabad,organic,42,male,2024-02-15,28.0,372466.66,13302.380714285713,25.0,2025-12-28,3.0,28.0,312.0,4.0,2025-12-28,3.0,0.0,27.0,0.4303448275862069,685,4.0,0,Very High,Very High
C00846,low,Chennai,ads,18,male,2025-06-29,2.0,16262.13,8131.065,2.0,2025-07-26,158.0,2.0,8.0,3.0,2025-07-29,155.0,0.0,0.0,0.011034482758620689,185,0.0,1,Low,Low
C00849,medium,Bhubaneswar,ads,30,male,2024-03-13,29.0,734721.58,25335.22689655172,25.0,2025-12-23,8.0,29.0,323.0,4.0,2025-12-27,4.0,0.0,29.0,0.44551724137931037,658,2.0,0,Very High,Very High
C00850,high,Pune,ads,27,male,2024-09-05,58.0,835568.15,14406.347413793104,48.0,2025-12-25,6.0,58.0,510.0,4.0,2025-12-31,0.0,0.0,59.0,0.7034482758620689,482,12.0,0,Very High,Very High
C00851,medium,Kolkata,referral,30,female,2024-02-16,17.0,311975.89,18351.52294117647,17.0,2025-12-04,27.0,17.0,304.0,4.0,2025-12-25,6.0,0.0,36.0,0.4193103448275862,684,4.0,0,Very High,Very High
C00852,high,Bangalore,referral,18,male,2024-04-30,89.0,1407996.97,15820.190674157304,66.0,2025-12-28,3.0,89.0,597.0,4.0,2025-12-31,0.0,0.0,44.0,0.8234482758620689,610,13.0,0,Very High,Very High
C00853,medium,Kolkata,ads,42,male,2024-08-01,11.0,275631.39,25057.399090909094,11.0,2025-11-27,34.0,11.0,212.0,4.0,2025-12-30,1.0,0.0,18.0,0.2924137931034483,517,4.0,0,Very High,Very High
C00854,medium,Kolkata,ads,33,female,2024-08-26,21.0,285587.42,13599.400952380951,20.0,2025-12-11,20.0,21.0,228.0,4.0,2025-12-29,2.0,0.0,19.0,0.31448275862068964,492,4.0,0,Very High,Very High
C00855,medium,Jaipur,ads,32,female,2024-02-25,19.0,413876.47,21782.972105263158,19.0,2025-11-27,34.0,19.0,299.0,4.0,2025-12-31,0.0,0.0,36.0,0.4124137931034483,675,5.0,0,Very High,Very High
C00856,high,Jaipur,organic,32,male,2024-12-15,61.0,991110.86,16247.719016393443,44.0,2025-12-08,23.0,61.0,373.0,4.0,2025-12-31,0.0,0.0,33.0,0.5144827586206897,381,16.0,0,Very High,Very High
C00857,high,Bhubaneswar,ads,35,female,2024-04-16,83.0,1273558.3499999999,15344.076506024096,61.0,2025-12-19,12.0,83.0,634.0,4.0,2025-12-27,4.0,0.0,63.0,0.8744827586206897,624,17.0,0,Very High,Very High
C00858,medium,Kolkata,referral,41,male,2024-02-17,35.0,813559.91,23244.568857142858,31.0,2025-12-18,13.0,35.0,324.0,4.0,2025-12-30,1.0,0.0,31.0,0.44689655172413795,683,2.0,0,Very High,Very High
C00860,medium,Mumbai,organic,21,female,2024-12-02,14.0,212593.63,15185.259285714286,14.0,2025-10-12,80.0,14.0,195.0,4.0,2025-12-30,1.0,0.0,14.0,0.2689655172413793,394,4.0,0,Very High,High
C00861,medium,Kolkata,ads,40,male,2024-01-26,29.0,354599.38,12227.564827586208,25.0,2025-12-02,29.0,29.0,327.0,4.0,2025-12-31,0.0,0.0,36.0,0.4510344827586207,705,2.0,0,Very High,Very High
C00862,low,Pune,ads,39,female,2024-09-13,1.0,2961.48,2961.48,1.0,2024-10-07,450.0,1.0,9.0,3.0,2024-10-20,437.0,0.0,1.0,0.012413793103448275,474,0.0,1,Low,Low
C00863,medium,Bangalore,ads,37,male,2024-01-08,24.0,551157.0599999999,22964.8775,23.0,2025-10-23,69.0,24.0,352.0,4.0,2025-12-31,0.0,0.0,20.0,0.48551724137931035,723,5.0,0,Very High,Very High
C00864,medium,Delhi,ads,45,male,2025-09-16,5.0,88347.27,17669.454,4.0,2025-12-22,9.0,5.0,50.0,4.0,2025-12-30,1.0,0.0,5.0,0.06896551724137931,106,4.0,0,Medium,Medium
C00865,medium,Bhubaneswar,ads,35,female,2024-09-09,21.0,171119.55,8148.549999999999,19.0,2025-11-26,35.0,21.0,236.0,4.0,2025-12-31,0.0,0.0,21.0,0.3255172413793103,478,5.0,0,Very High,Very High
C00868,high,Pune,ads,40,male,2024-10-29,45.0,989193.66,21982.081333333335,39.0,2025-12-27,4.0,45.0,366.0,4.0,2025-12-31,0.0,0.0,35.0,0.5048275862068966,428,9.0,0,Very High,Very High
C00869,medium,Jaipur,organic,27,male,2025-09-30,3.0,9312.7,3104.2333333333336,3.0,2025-12-15,16.0,3.0,33.0,4.0,2025-12-30,1.0,0.0,3.0,0.04551724137931035,92,4.0,0,Medium,Medium
C00870,high,Mumbai,organic,33,female,2024-02-25,91.0,1677755.64,18436.875164835164,63.0,2025-12-30,1.0,91.0,663.0,4.0,2025-12-30,1.0,0.0,67.0,0.9144827586206896,675,6.0,0,Very High,Very High
C00872,low,Pune,referral,20,female,2025-06-09,2.0,13509.72,6754.86,2.0,2025-08-04,149.0,2.0,16.0,4.0,2025-08-31,122.0,0.0,2.0,0.022068965517241378,205,0.0,1,Low,Low
C00873,medium,Ahmedabad,ads,31,male,2025-04-18,11.0,108416.74,9856.067272727274,11.0,2025-11-30,31.0,11.0,131.0,4.0,2025-12-29,2.0,0.0,9.0,0.18068965517241378,257,4.0,0,Very High,High
C00874,high,Delhi,organic,31,female,2024-01-28,80.0,1530990.3699999999,19137.379624999998,57.0,2025-12-20,11.0,80.0,706.0,4.0,2025-12-30,1.0,0.0,64.0,0.9737931034482759,703,8.0,0,Very High,Very High
C00875,medium,Bangalore,organic,26,male,2024-03-18,29.0,506547.61,17467.15896551724,23.0,2025-12-02,29.0,29.0,322.0,4.0,2025-12-30,1.0,0.0,34.0,0.44413793103448274,653,7.0,0,Very High,Very High
C00876,high,Hyderabad,organic,43,male,2024-08-03,55.0,927420.76,16862.19563636364,45.0,2025-12-27,4.0,55.0,524.0,4.0,2025-12-30,1.0,0.0,56.0,0.7227586206896551,515,7.0,0,Very High,Very High
C00877,high,Pune,ads,38,male,2025-01-20,41.0,730374.97,17814.023658536586,33.0,2025-12-31,0.0,41.0,318.0,4.0,2025-12-31,0.0,0.0,25.0,0.4386206896551724,345,2.0,0,Very High,Very High
C00881,low,Hyderabad,organic,26,female,2025-11-29,1.0,74088.56,74088.56,1.0,2025-12-01,30.0,1.0,4.0,2.0,2025-12-12,19.0,0.0,0.0,0.005517241379310344,32,0.0,1,Low,Low
C00882,medium,Bhubaneswar,organic,27,female,2024-11-07,20.0,503653.8,25182.69,20.0,2025-12-07,24.0,20.0,189.0,4.0,2025-12-30,1.0,0.0,22.0,0.26068965517241377,419,4.0,0,Very High,High
C00883,high,Jaipur,organic,39,male,2024-01-07,88.0,1465097.07,16648.83034090909,61.0,2025-12-14,17.0,88.0,681.0,4.0,2025-12-30,1.0,0.0,74.0,0.9393103448275862,724,12.0,0,Very High,Very High
C00884,low,Kolkata,organic,44,female,2024-01-03,3.0,34432.09,11477.363333333333,3.0,2025-01-03,362.0,3.0,119.0,4.0,2025-12-28,3.0,0.0,9.0,0.16413793103448276,728,0.0,1,Medium,High
C00887,medium,Bhubaneswar,referral,50,male,2025-05-22,7.0,163216.17,23316.595714285715,7.0,2025-12-27,4.0,7.0,110.0,4.0,2025-12-31,0.0,0.0,8.0,0.15172413793103448,223,3.0,0,High,High
C00888,medium,Delhi,ads,22,female,2024-09-30,14.0,89719.78,6408.555714285714,13.0,2025-12-26,5.0,14.0,188.0,4.0,2025-12-31,0.0,0.0,19.0,0.2593103448275862,457,5.0,0,Very High,High
C00890,low,Bhubaneswar,ads,43,male,2024-01-15,2.0,26261.489999999998,13130.744999999999,2.0,2024-02-16,684.0,2.0,13.0,4.0,2024-03-28,643.0,0.0,1.0,0.01793103448275862,716,0.0,1,Low,Low
C00891,low,Jaipur,ads,34,other,2024-07-10,1.0,7672.499999999999,7672.499999999999,1.0,2024-07-26,523.0,1.0,6.0,4.0,2024-08-31,487.0,0.0,1.0,0.008275862068965517,539,0.0,1,Low,Low
C00892,high,Kolkata,organic,47,male,2025-09-22,13.0,359020.18,27616.936923076923,13.0,2025-12-29,2.0,13.0,84.0,4.0,2025-12-30,1.0,0.0,7.0,0.11586206896551725,100,8.0,0,Very High,Medium
C00893,medium,Mumbai,referral,56,male,2025-04-29,14.0,318933.32,22780.95142857143,12.0,2025-12-16,15.0,14.0,103.0,4.0,2025-12-29,2.0,0.0,4.0,0.14206896551724138,246,4.0,0,Very High,High
C00894,medium,Mumbai,organic,38,female,2024-01-28,25.0,367229.88,14689.1952,22.0,2025-12-15,16.0,25.0,342.0,4.0,2025-12-30,1.0,0.0,28.0,0.47172413793103446,703,0.0,1,Very High,Very High
C00896,high,Kolkata,organic,44,female,2024-02-08,76.0,1241472.66,16335.166578947368,58.0,2025-12-28,3.0,76.0,653.0,4.0,2025-12-29,2.0,0.0,56.0,0.9006896551724138,692,7.0,0,Very High,Very High
C00897,high,Mumbai,referral,43,male,2024-09-29,55.0,1194323.47,21714.972181818182,46.0,2025-12-24,7.0,55.0,480.0,4.0,2025-12-30,1.0,0.0,43.0,0.6620689655172414,458,11.0,0,Very High,Very High
C00899,high,Hyderabad,ads,34,female,2024-03-26,84.0,1559158.56,18561.411428571428,65.0,2025-12-25,6.0,84.0,627.0,4.0,2025-12-31,0.0,0.0,53.0,0.8648275862068966,645,11.0,0,Very High,Very High
C00901,medium,Bhubaneswar,ads,38,female,2024-05-05,17.0,380463.43,22380.201764705882,16.0,2025-12-10,21.0,17.0,240.0,4.0,2025-12-26,5.0,0.0,28.0,0.3310344827586207,605,4.0,0,Very High,Very High
C00902,low,Bhubaneswar,referral,33,female,2025-06-20,1.0,7791.9,7791.9,1.0,2025-09-24,98.0,1.0,16.0,4.0,2025-09-30,92.0,0.0,3.0,0.022068965517241378,194,0.0,1,Low,Low
C00903,medium,Delhi,ads,34,male,2024-05-24,17.0,175069.26,10298.191764705884,15.0,2025-12-11,20.0,17.0,273.0,4.0,2025-12-31,0.0,0.0,32.0,0.37655172413793103,586,1.0,0,Very High,Very High
C00904,low,Bangalore,referral,26,female,2025-06-08,1.0,2443.2000000000003,2443.2000000000003,1.0,2025-09-18,104.0,1.0,25.0,4.0,2025-11-21,40.0,0.0,3.0,0.034482758620689655,206,0.0,1,Low,Medium
C00906,high,Mumbai,organic,51,female,2024-01-25,83.0,1609508.32,19391.666506024096,56.0,2025-12-19,12.0,83.0,713.0,4.0,2025-12-31,0.0,0.0,70.0,0.983448275862069,706,7.0,0,Very High,Very High
C00907,high,Chennai,referral,26,female,2025-08-02,14.0,181545.93,12967.566428571428,14.0,2025-12-10,21.0,14.0,160.0,4.0,2025-12-31,0.0,0.0,19.0,0.2206896551724138,151,15.0,0,Very High,High
C00908,medium,Jaipur,organic,21,female,2025-01-28,17.0,313354.02,18432.589411764708,15.0,2025-12-17,14.0,17.0,160.0,4.0,2025-12-25,6.0,0.0,8.0,0.2206896551724138,337,7.0,0,Very High,High
C00909,medium,Bangalore,referral,35,male,2024-03-07,26.0,461316.31999999995,17742.935384615383,24.0,2025-12-12,19.0,26.0,312.0,4.0,2025-12-25,6.0,0.0,31.0,0.4303448275862069,664,1.0,0,Very High,Very High
C00911,medium,Delhi,referral,46,female,2024-04-18,20.0,345578.49,17278.9245,19.0,2025-12-15,16.0,20.0,275.0,4.0,2025-12-26,5.0,0.0,28.0,0.3793103448275862,622,3.0,0,Very High,Very High
C00912,medium,Kolkata,organic,22,other,2024-05-25,22.0,234492.59999999998,10658.754545454545,21.0,2025-11-28,33.0,22.0,260.0,4.0,2025-12-29,2.0,0.0,23.0,0.3586206896551724,585,5.0,0,Very High,Very High
C00913,high,Jaipur,ads,29,male,2024-04-20,73.0,1501316.59,20565.980684931506,56.0,2025-12-19,12.0,73.0,565.0,4.0,2025-12-31,0.0,0.0,63.0,0.7793103448275862,620,8.0,0,Very High,Very High
C00914,low,Hyderabad,ads,18,male,2024-08-15,1.0,2312.64,2312.64,1.0,2024-10-27,430.0,1.0,13.0,3.0,2024-10-27,430.0,0.0,0.0,0.01793103448275862,503,0.0,1,Low,Low
C00916,medium,Bangalore,ads,37,female,2025-04-14,5.0,95829.97,19165.994,5.0,2025-12-12,19.0,5.0,106.0,4.0,2025-12-30,1.0,0.0,14.0,0.14620689655172414,261,5.0,0,Medium,High
C00917,medium,Bangalore,referral,30,male,2024-02-03,22.0,434184.1,19735.640909090907,21.0,2025-12-15,16.0,22.0,329.0,4.0,2025-12-31,0.0,0.0,40.0,0.45379310344827584,697,4.0,0,Very High,Very High
C00918,high,Chennai,ads,21,female,2025-09-14,16.0,296319.26,18519.95375,16.0,2025-12-15,16.0,16.0,113.0,4.0,2025-12-29,2.0,0.0,9.0,0.15586206896551724,108,17.0,0,Very High,High
C00919,medium,Pune,organic,22,female,2025-01-03,12.0,140720.01,11726.667500000001,12.0,2025-12-16,15.0,12.0,165.0,4.0,2025-12-31,0.0,0.0,25.0,0.22758620689655173,362,4.0,0,Very High,High
C00920,medium,Chennai,referral,39,female,2025-08-17,5.0,13525.880000000001,2705.1760000000004,5.0,2025-12-02,29.0,5.0,62.0,4.0,2025-12-29,2.0,0.0,8.0,0.08551724137931034,136,3.0,0,Medium,Medium
C00921,high,Bhubaneswar,organic,23,male,2025-07-07,17.0,277574.26,16327.897647058824,16.0,2025-12-12,19.0,17.0,166.0,4.0,2025-12-31,0.0,0.0,8.0,0.2289655172413793,177,15.0,0,Very High,High
C00922,medium,Chennai,organic,36,female,2025-02-28,16.0,248633.98,15539.62375,15.0,2025-12-24,7.0,16.0,147.0,4.0,2025-12-31,0.0,0.0,10.0,0.20275862068965517,306,4.0,0,Very High,High
C00923,medium,Pune,organic,55,male,2025-09-04,5.0,25697.08,5139.416,5.0,2025-10-13,79.0,5.0,54.0,4.0,2025-12-30,1.0,0.0,4.0,0.07448275862068965,118,3.0,0,Medium,Medium
C00924,medium,Hyderabad,referral,31,female,2025-06-01,10.0,81100.19,8110.019,9.0,2025-11-05,56.0,10.0,113.0,4.0,2025-12-30,1.0,0.0,16.0,0.15586206896551724,213,1.0,0,High,High
C00925,medium,Jaipur,organic,25,male,2025-11-22,2.0,12189.199999999999,6094.599999999999,2.0,2025-12-30,1.0,2.0,20.0,4.0,2025-12-31,0.0,0.0,4.0,0.027586206896551724,39,4.0,0,Low,Low
C00926,high,Mumbai,organic,38,female,2024-10-08,56.0,1008155.1,18002.769642857143,47.0,2025-12-27,4.0,56.0,445.0,4.0,2025-12-30,1.0,0.0,43.0,0.6137931034482759,449,10.0,0,Very High,Very High
C00927,low,Bangalore,referral,22,male,2024-11-15,2.0,85942.24,42971.12,2.0,2025-01-22,343.0,2.0,26.0,4.0,2025-02-28,306.0,0.0,4.0,0.03586206896551724,411,0.0,1,Low,Medium
C00929,medium,Chennai,organic,49,female,2024-11-10,13.0,230071.66,17697.82,12.0,2025-12-29,2.0,13.0,191.0,4.0,2025-12-31,0.0,0.0,20.0,0.263448275862069,416,2.0,0,Very High,High
C00930,high,Ahmedabad,ads,33,other,2025-01-11,42.0,952678.11,22682.812142857143,38.0,2025-12-16,15.0,42.0,348.0,4.0,2025-12-31,0.0,0.0,30.0,0.48,354,7.0,0,Very High,Very High
C00933,medium,Bangalore,referral,32,male,2025-10-23,3.0,79680.54,26560.179999999997,3.0,2025-12-21,10.0,3.0,30.0,4.0,2025-12-30,1.0,0.0,4.0,0.041379310344827586,69,1.0,0,Medium,Medium
C00934,medium,Pune,ads,38,male,2024-10-03,22.0,391322.12,17787.36909090909,20.0,2025-11-06,55.0,22.0,200.0,4.0,2025-12-29,2.0,0.0,17.0,0.27586206896551724,454,6.0,0,Very High,High
C00936,medium,Pune,ads,24,female,2025-08-04,7.0,102474.59000000001,14639.227142857144,7.0,2025-12-20,11.0,7.0,62.0,4.0,2025-12-21,10.0,0.0,7.0,0.08551724137931034,149,4.0,0,High,Medium
C00937,high,Chennai,ads,45,female,2025-05-17,24.0,385916.25,16079.84375,22.0,2025-12-15,16.0,24.0,223.0,4.0,2025-12-31,0.0,0.0,22.0,0.30758620689655175,228,14.0,0,Very High,Very High
C00938,medium,Jaipur,organic,41,male,2025-09-15,5.0,136743.72,27348.744,5.0,2025-11-17,44.0,5.0,60.0,4.0,2025-12-30,1.0,0.0,5.0,0.08275862068965517,107,4.0,0,Medium,Medium
C00939,medium,Bhubaneswar,ads,29,male,2025-05-30,10.0,113797.15000000001,11379.715,10.0,2025-11-27,34.0,10.0,106.0,4.0,2025-12-30,1.0,0.0,11.0,0.14620689655172414,215,6.0,0,High,High
C00940,medium,Ahmedabad,organic,24,female,2024-12-15,15.0,337535.72,22502.38133333333,15.0,2025-12-01,30.0,15.0,176.0,4.0,2025-12-29,2.0,0.0,11.0,0.24275862068965517,381,3.0,0,Very High,High
C00941,medium,Pune,ads,36,male,2025-03-21,10.0,113061.0,11306.1,9.0,2025-11-07,54.0,10.0,131.0,4.0,2025-12-31,0.0,0.0,12.0,0.18068965517241378,285,2.0,0,High,High
C00942,medium,Ahmedabad,organic,24,female,2024-12-15,13.0,197889.89,15222.299230769231,13.0,2025-10-30,62.0,13.0,203.0,4.0,2025-12-27,4.0,0.0,22.0,0.28,381,1.0,0,Very High,Very High
C00943,medium,Delhi,referral,45,male,2025-08-29,6.0,95266.24999999999,15877.70833333333,6.0,2025-11-12,49.0,6.0,59.0,4.0,2025-12-31,0.0,0.0,4.0,0.08137931034482758,124,2.0,0,High,Medium
C00944,high,Ahmedabad,organic,23,male,2025-10-25,11.0,178833.36,16257.57818181818,11.0,2025-12-17,14.0,11.0,68.0,4.0,2025-12-31,0.0,0.0,5.0,0.09379310344827586,67,9.0,0,Very High,Medium
C00945,high,Bangalore,ads,40,male,2024-05-16,63.0,1371803.23,21774.654444444444,46.0,2025-12-22,9.0,63.0,578.0,4.0,2025-12-30,1.0,0.0,67.0,0.7972413793103448,594,11.0,0,Very High,Very High
C00947,high,Bhubaneswar,ads,29,female,2025-06-26,24.0,298164.02999999997,12423.50125,19.0,2025-12-29,2.0,24.0,178.0,4.0,2025-12-31,0.0,0.0,10.0,0.24551724137931036,188,6.0,0,Very High,High
C00949,low,Kolkata,ads,45,female,2024-08-16,1.0,2132.9,2132.9,1.0,2024-08-29,489.0,1.0,10.0,3.0,2024-09-28,459.0,0.0,0.0,0.013793103448275862,502,0.0,1,Low,Low
C00950,medium,Pune,organic,23,male,2025-07-01,8.0,148227.81,18528.47625,8.0,2025-12-21,10.0,8.0,71.0,4.0,2025-12-31,0.0,0.0,6.0,0.09793103448275862,183,4.0,0,High,Medium
C00951,medium,Pune,organic,30,female,2024-08-10,17.0,372201.5,21894.20588235294,16.0,2025-11-08,53.0,17.0,232.0,4.0,2025-12-25,6.0,0.0,23.0,0.32,508,1.0,0,Very High,Very High
C00952,medium,Kolkata,ads,27,female,2024-01-06,24.0,461804.96,19241.873333333333,22.0,2025-12-30,1.0,24.0,330.0,4.0,2025-12-31,0.0,0.0,35.0,0.45517241379310347,725,3.0,0,Very High,Very High
C00956,high,Bhubaneswar,organic,24,male,2024-01-04,89.0,1589550.59,17860.118988764047,61.0,2025-12-28,3.0,89.0,754.0,4.0,2025-12-30,1.0,0.0,81.0,1.04,727,7.0,0,Very High,Very High
C00957,medium,Kolkata,ads,51,male,2025-10-07,4.0,29770.66,7442.665,4.0,2025-12-25,6.0,4.0,50.0,4.0,2025-12-30,1.0,0.0,4.0,0.06896551724137931,85,2.0,0,Medium,Medium
C00958,medium,Pune,organic,37,female,2024-04-27,22.0,430487.27,19567.603181818184,21.0,2025-12-24,7.0,22.0,272.0,4.0,2025-12-31,0.0,0.0,27.0,0.37517241379310345,613,2.0,0,Very High,Very High
C00959,medium,Kolkata,referral,37,female,2025-08-28,2.0,7514.91,3757.455,2.0,2025-10-31,61.0,2.0,64.0,4.0,2025-12-31,0.0,0.0,7.0,0.08827586206896551,125,3.0,0,Low,Medium
C00960,high,Delhi,organic,32,male,2025-05-18,32.0,668568.01,20892.7503125,28.0,2025-12-30,1.0,32.0,251.0,4.0,2025-12-31,0.0,0.0,20.0,0.34620689655172415,227,8.0,0,Very High,Very High
C00961,high,Delhi,organic,34,female,2025-07-27,21.0,540698.78,25747.560952380954,17.0,2025-12-18,13.0,21.0,168.0,4.0,2025-12-31,0.0,0.0,16.0,0.2317241379310345,157,12.0,0,Very High,High
C00963,medium,Mumbai,ads,40,male,2024-07-12,20.0,197806.33,9890.316499999999,18.0,2025-12-24,7.0,20.0,255.0,4.0,2025-12-30,1.0,0.0,15.0,0.35172413793103446,537,3.0,0,Very High,Very High
C00965,medium,Jaipur,organic,23,female,2025-01-26,9.0,88613.50000000001,9845.944444444445,9.0,2025-10-07,85.0,9.0,155.0,4.0,2025-12-29,2.0,0.0,17.0,0.21379310344827587,339,1.0,0,High,High
C00968,medium,Bhubaneswar,ads,39,female,2024-06-21,24.0,402616.89,16775.70375,21.0,2025-10-24,68.0,24.0,247.0,4.0,2025-12-23,8.0,0.0,31.0,0.3406896551724138,558,1.0,0,Very High,Very High
C00969,high,Ahmedabad,ads,20,female,2024-10-26,61.0,933652.45,15305.777868852458,48.0,2025-12-27,4.0,61.0,409.0,4.0,2025-12-29,2.0,0.0,43.0,0.5641379310344827,431,14.0,0,Very High,Very High
C00970,medium,Pune,organic,34,male,2025-10-06,3.0,94572.95000000001,31524.31666666667,3.0,2025-12-13,18.0,3.0,35.0,4.0,2025-12-29,2.0,0.0,2.0,0.04827586206896552,86,2.0,0,Medium,Medium
C00971,low,Ahmedabad,referral,23,male,2024-11-21,1.0,6844.8,6844.8,1.0,2024-11-25,401.0,1.0,19.0,4.0,2025-02-25,309.0,0.0,3.0,0.02620689655172414,405,0.0,1,Low,Low
C00972,medium,Kolkata,referral,35,female,2025-02-13,10.0,127116.17,12711.617,10.0,2025-09-19,103.0,10.0,149.0,4.0,2025-12-29,2.0,0.0,15.0,0.20551724137931035,321,4.0,0,High,High
C00973,medium,Pune,organic,40,female,2024-04-27,26.0,523276.2,20126.007692307692,23.0,2025-11-03,58.0,26.0,285.0,4.0,2025-12-29,2.0,0.0,37.0,0.3931034482758621,613,4.0,0,Very High,Very High
C00975,medium,Chennai,organic,19,female,2024-08-12,17.0,319386.76,18787.456470588237,17.0,2025-10-20,72.0,17.0,245.0,4.0,2025-12-30,1.0,0.0,19.0,0.33793103448275863,506,4.0,0,Very High,Very High
C00976,low,Bangalore,ads,44,male,2025-06-15,1.0,3488.6400000000003,3488.6400000000003,1.0,2025-08-06,147.0,1.0,27.0,4.0,2025-10-30,62.0,0.0,1.0,0.037241379310344824,199,0.0,1,Low,Medium
C00977,medium,Ahmedabad,organic,36,female,2024-04-22,16.0,147927.99,9245.499375,12.0,2025-12-14,17.0,16.0,284.0,4.0,2025-12-30,1.0,0.0,24.0,0.3917241379310345,618,4.0,0,Very High,Very High
C00978,high,Jaipur,referral,30,male,2024-05-19,64.0,1047158.86,16361.8571875,51.0,2025-12-21,10.0,64.0,554.0,4.0,2025-12-31,0.0,0.0,64.0,0.7641379310344828,591,9.0,0,Very High,Very High
C00979,high,Chennai,organic,42,male,2025-07-12,15.0,114667.4,7644.493333333333,14.0,2025-12-25,6.0,15.0,161.0,4.0,2025-12-31,0.0,0.0,14.0,0.22206896551724137,172,13.0,0,Very High,High
C00980,medium,Hyderabad,organic,32,male,2024-01-01,24.0,397404.41,16558.517083333332,24.0,2025-09-17,105.0,24.0,352.0,4.0,2025-12-31,0.0,0.0,31.0,0.48551724137931035,730,2.0,0,Very High,Very High
C00982,medium,Jaipur,organic,25,male,2025-10-15,3.0,218838.49,72946.16333333333,3.0,2025-11-12,49.0,3.0,32.0,4.0,2025-12-31,0.0,0.0,1.0,0.044137931034482755,77,2.0,0,Medium,Medium
C00984,low,Ahmedabad,organic,44,male,2025-07-03,2.0,32049.960000000003,16024.980000000001,2.0,2025-12-31,0.0,2.0,35.0,4.0,2025-12-31,0.0,0.0,2.0,0.04827586206896552,181,1.0,0,Low,Medium
C00985,medium,Ahmedabad,ads,49,male,2024-05-18,25.0,505812.97000000003,20232.5188,22.0,2025-12-29,2.0,25.0,250.0,4.0,2025-12-29,2.0,0.0,39.0,0.3448275862068966,592,3.0,0,Very High,Very High
C00986,high,Jaipur,organic,34,male,2025-05-25,23.0,454548.6,19762.982608695653,21.0,2025-12-24,7.0,23.0,207.0,4.0,2025-12-31,0.0,0.0,15.0,0.28551724137931034,220,19.0,0,Very High,Very High
C00987,high,Jaipur,ads,18,female,2024-09-15,45.0,532415.53,11831.456222222223,39.0,2025-12-21,10.0,45.0,468.0,4.0,2025-12-29,2.0,0.0,40.0,0.6455172413793103,472,7.0,0,Very High,Very High
C00989,high,Pune,referral,35,male,2025-11-20,5.0,243506.07,48701.214,5.0,2025-12-30,1.0,5.0,41.0,4.0,2025-12-30,1.0,0.0,3.0,0.05655172413793103,41,8.0,0,Medium,Medium
C00990,medium,Bangalore,referral,32,female,2024-01-10,33.0,698818.87,21176.329393939395,31.0,2025-12-30,1.0,33.0,328.0,4.0,2025-12-30,1.0,0.0,37.0,0.45241379310344826,721,2.0,0,Very High,Very High
C00991,medium,Hyderabad,referral,38,female,2024-09-17,12.0,496742.51,41395.20916666667,11.0,2025-12-27,4.0,12.0,221.0,4.0,2025-12-27,4.0,0.0,22.0,0.30482758620689654,470,4.0,0,Very High,Very High
C00993,high,Bhubaneswar,organic,43,male,2024-06-20,62.0,1204987.43,19435.281129032257,49.0,2025-12-22,9.0,62.0,532.0,4.0,2025-12-31,0.0,0.0,48.0,0.7337931034482759,559,10.0,0,Very High,Very High
C00994,medium,Mumbai,ads,23,female,2024-01-13,24.0,333957.75999999995,13914.906666666664,21.0,2025-12-25,6.0,24.0,319.0,4.0,2025-12-31,0.0,0.0,35.0,0.44,718,2.0,0,Very High,Very High
C00995,medium,Hyderabad,referral,47,male,2024-06-16,10.0,84854.9,8485.49,10.0,2025-08-18,135.0,10.0,246.0,4.0,2025-12-29,2.0,0.0,21.0,0.3393103448275862,563,5.0,0,High,Very High
C00996,medium,Pune,organic,50,female,2025-10-03,2.0,41588.82,20794.41,2.0,2025-10-29,63.0,2.0,38.0,4.0,2025-12-30,1.0,0.0,4.0,0.05241379310344828,89,1.0,0,Low,Medium
C00997,low,Pune,ads,25,male,2025-08-18,1.0,3634.5899999999997,3634.5899999999997,1.0,2025-08-28,125.0,1.0,8.0,3.0,2025-09-17,105.0,0.0,0.0,0.011034482758620689,135,0.0,1,Low,Low
C00998,high,Bangalore,organic,25,male,2024-11-16,39.0,709614.91,18195.254102564104,36.0,2025-11-28,33.0,39.0,402.0,4.0,2025-12-31,0.0,0.0,46.0,0.5544827586206896,410,15.0,0,Very High,Very High
C01000,medium,Mumbai,ads,23,male,2025-09-04,6.0,29468.9,4911.483333333334,6.0,2025-12-03,28.0,6.0,48.0,4.0,2025-12-28,3.0,0.0,4.0,0.06620689655172414,118,2.0,0,High,Medium
C01001,medium,Bangalore,ads,30,male,2024-11-24,21.0,371676.10000000003,17698.861904761907,19.0,2025-12-17,14.0,21.0,203.0,4.0,2025-12-30,1.0,0.0,16.0,0.28,402,0.0,1,Very High,Very High
C01002,medium,Mumbai,ads,46,female,2025-07-03,5.0,71218.26,14243.651999999998,5.0,2025-12-25,6.0,5.0,82.0,4.0,2025-12-29,2.0,0.0,6.0,0.11310344827586206,181,3.0,0,Medium,Medium
C01003,medium,Ahmedabad,referral,42,female,2025-02-22,10.0,110922.68,11092.268,10.0,2025-12-16,15.0,10.0,168.0,4.0,2025-12-31,0.0,0.0,23.0,0.2317241379310345,312,2.0,0,High,High
C01004,high,Kolkata,ads,54,female,2025-08-28,14.0,404471.67,28890.83357142857,14.0,2025-12-21,10.0,14.0,130.0,4.0,2025-12-26,5.0,0.0,11.0,0.1793103448275862,125,14.0,0,Very High,High
C01005,medium,Mumbai,referral,36,female,2024-04-04,19.0,272239.88,14328.414736842105,19.0,2025-12-20,11.0,19.0,269.0,4.0,2025-12-28,3.0,0.0,28.0,0.37103448275862067,636,2.0,0,Very High,Very High
C01006,medium,Bangalore,organic,28,female,2025-08-03,1.0,52458.12,52458.12,1.0,2025-08-12,141.0,1.0,81.0,4.0,2025-12-29,2.0,0.0,6.0,0.11172413793103449,150,3.0,0,Low,Medium
C01007,medium,Kolkata,ads,35,female,2024-11-13,10.0,109799.08,10979.908,10.0,2025-10-23,69.0,10.0,201.0,4.0,2025-12-30,1.0,0.0,16.0,0.2772413793103448,413,3.0,0,High,Very High
C01008,medium,Jaipur,ads,33,female,2024-08-23,16.0,312626.44,19539.1525,16.0,2025-12-09,22.0,16.0,211.0,4.0,2025-12-29,2.0,0.0,28.0,0.2910344827586207,495,3.0,0,Very High,Very High
C01010,medium,Chennai,organic,34,female,2025-01-10,11.0,108479.06999999999,9861.733636363635,10.0,2025-12-28,3.0,11.0,169.0,4.0,2025-12-28,3.0,0.0,7.0,0.23310344827586207,355,2.0,0,Very High,High
C01011,high,Bangalore,ads,25,male,2025-04-03,37.0,420856.89,11374.510540540541,31.0,2025-12-29,2.0,37.0,306.0,4.0,2025-12-30,1.0,0.0,30.0,0.4220689655172414,272,12.0,0,Very High,Very High
C01012,medium,Jaipur,ads,37,female,2024-05-16,21.0,338590.62,16123.362857142856,19.0,2025-11-04,57.0,21.0,269.0,4.0,2025-12-31,0.0,0.0,26.0,0.37103448275862067,594,3.0,0,Very High,Very High
C01013,low,Bhubaneswar,ads,20,male,2025-08-10,2.0,10859.039999999999,5429.5199999999995,2.0,2025-11-27,34.0,2.0,22.0,4.0,2025-12-30,1.0,0.0,3.0,0.030344827586206897,143,0.0,1,Low,Medium
C01015,medium,Pune,organic,33,male,2025-05-27,11.0,189446.65000000002,17222.42272727273,11.0,2025-12-24,7.0,11.0,94.0,4.0,2025-12-24,7.0,0.0,6.0,0.1296551724137931,218,8.0,0,Very High,Medium
C01017,medium,Delhi,organic,42,male,2024-11-15,17.0,337285.18,19840.304705882354,14.0,2025-11-25,36.0,17.0,190.0,4.0,2025-12-31,0.0,0.0,20.0,0.2620689655172414,411,4.0,0,Very High,High
C01018,medium,Chennai,organic,18,female,2025-07-25,3.0,53638.59,17879.53,3.0,2025-10-19,73.0,3.0,70.0,4.0,2025-12-31,0.0,0.0,6.0,0.09655172413793103,159,3.0,0,Medium,Medium
C01020,low,Hyderabad,organic,22,male,2024-08-16,1.0,2500.74,2500.74,1.0,2024-09-15,472.0,1.0,10.0,3.0,2024-09-28,459.0,0.0,0.0,0.013793103448275862,502,0.0,1,Low,Low
C01021,medium,Pune,organic,30,female,2024-09-26,21.0,329079.7,15670.461904761905,20.0,2025-12-12,19.0,21.0,213.0,4.0,2025-12-28,3.0,0.0,21.0,0.29379310344827586,461,4.0,0,Very High,Very High
C01023,high,Kolkata,organic,56,male,2025-12-25,1.0,21525.48,21525.48,1.0,2025-12-30,1.0,1.0,10.0,3.0,2025-12-30,1.0,0.0,2.0,0.013793103448275862,6,11.0,0,Low,Low
C01025,medium,Chennai,organic,18,other,2024-01-05,29.0,513781.89,17716.616896551724,24.0,2025-12-24,7.0,29.0,328.0,4.0,2025-12-31,0.0,0.0,26.0,0.45241379310344826,726,7.0,0,Very High,Very High
C01026,high,Ahmedabad,ads,44,male,2025-01-13,35.0,815460.4,23298.86857142857,30.0,2025-12-30,1.0,35.0,350.0,4.0,2025-12-31,0.0,0.0,40.0,0.4827586206896552,352,10.0,0,Very High,Very High
C01027,medium,Kolkata,referral,32,male,2024-03-18,28.0,573546.93,20483.81892857143,28.0,2025-12-23,8.0,28.0,303.0,4.0,2025-12-29,2.0,0.0,33.0,0.41793103448275865,653,5.0,0,Very High,Very High
C01028,medium,Mumbai,ads,35,female,2025-02-13,15.0,209031.55,13935.436666666666,15.0,2025-10-24,68.0,15.0,157.0,4.0,2025-12-30,1.0,0.0,21.0,0.21655172413793103,321,1.0,0,Very High,High
C01029,medium,Hyderabad,organic,40,male,2025-07-27,11.0,359382.56,32671.14181818182,9.0,2025-12-09,22.0,11.0,79.0,4.0,2025-12-31,0.0,0.0,14.0,0.10896551724137932,157,6.0,0,Very High,Medium
C01030,medium,Bhubaneswar,referral,18,male,2024-05-11,18.0,180374.82,10020.823333333334,18.0,2025-12-23,8.0,18.0,283.0,4.0,2025-12-31,0.0,0.0,30.0,0.3903448275862069,599,4.0,0,Very High,Very High
C01031,high,Mumbai,organic,35,female,2025-08-23,17.0,304286.47,17899.204117647056,15.0,2025-12-02,29.0,17.0,132.0,4.0,2025-12-31,0.0,0.0,17.0,0.1820689655172414,130,11.0,0,Very High,High
C01032,medium,Ahmedabad,organic,30,male,2024-02-11,24.0,501037.89,20876.57875,22.0,2025-11-07,54.0,24.0,327.0,4.0,2025-12-31,0.0,0.0,39.0,0.4510344827586207,689,5.0,0,Very High,Very High
C01033,medium,Pune,referral,47,female,2024-03-29,22.0,516384.97,23472.04409090909,18.0,2025-10-22,70.0,22.0,278.0,4.0,2025-12-30,1.0,0.0,22.0,0.383448275862069,642,4.0,0,Very High,Very High
C01034,medium,Mumbai,referral,42,female,2025-02-05,11.0,159167.02,14469.72909090909,11.0,2025-12-26,5.0,11.0,158.0,4.0,2025-12-31,0.0,0.0,19.0,0.21793103448275863,329,1.0,0,Very High,High
C01035,medium,Chennai,ads,18,female,2024-10-22,18.0,425050.53,23613.918333333335,15.0,2025-12-18,13.0,18.0,192.0,4.0,2025-12-29,2.0,0.0,14.0,0.26482758620689656,435,3.0,0,Very High,High
C01037,low,Pune,ads,39,female,2025-09-07,2.0,85401.48,42700.74,2.0,2025-12-07,24.0,2.0,23.0,4.0,2025-12-30,1.0,0.0,3.0,0.031724137931034485,115,1.0,0,Low,Medium
C01038,low,Chennai,organic,19,female,2025-06-09,1.0,34408.32,34408.32,1.0,2025-07-19,165.0,1.0,12.0,3.0,2025-08-28,125.0,0.0,1.0,0.016551724137931035,205,0.0,1,Low,Low
C01041,high,Bangalore,referral,22,male,2025-02-25,31.0,630470.71,20337.764838709678,31.0,2025-12-29,2.0,31.0,263.0,4.0,2025-12-31,0.0,0.0,28.0,0.3627586206896552,309,14.0,0,Very High,Very High
C01042,high,Bangalore,organic,48,other,2024-01-23,82.0,1120627.3,13666.186585365855,63.0,2025-12-25,6.0,82.0,725.0,4.0,2025-12-31,0.0,0.0,77.0,1.0,708,10.0,0,Very High,Very High
C01043,medium,Bhubaneswar,ads,19,male,2025-07-28,1.0,18992.6,18992.6,1.0,2025-10-17,75.0,1.0,73.0,4.0,2025-12-30,1.0,0.0,9.0,0.1006896551724138,156,5.0,0,Low,Medium
C01044,low,Jaipur,organic,27,male,2024-05-22,1.0,6020.19,6020.19,1.0,2024-06-20,559.0,1.0,8.0,3.0,2024-06-29,550.0,0.0,0.0,0.011034482758620689,588,0.0,1,Low,Low
C01046,high,Jaipur,ads,48,female,2024-05-24,66.0,1325620.96,20085.16606060606,49.0,2025-12-26,5.0,66.0,582.0,4.0,2025-12-31,0.0,0.0,68.0,0.8027586206896552,586,11.0,0,Very High,Very High
C01047,high,Bangalore,ads,30,male,2024-08-12,57.0,904155.7,15862.380701754386,45.0,2025-11-11,50.0,57.0,460.0,4.0,2025-12-31,0.0,0.0,48.0,0.6344827586206897,506,10.0,0,Very High,Very High
C01049,medium,Mumbai,ads,39,male,2025-09-07,2.0,33705.770000000004,16852.885000000002,2.0,2025-12-31,0.0,2.0,55.0,4.0,2025-12-31,0.0,0.0,5.0,0.07586206896551724,115,4.0,0,Low,Medium
C01050,medium,Mumbai,ads,41,female,2024-04-13,34.0,845315.21,24862.212058823527,29.0,2025-11-05,56.0,34.0,290.0,4.0,2025-12-30,1.0,0.0,29.0,0.4,627,5.0,0,Very High,Very High
C01051,medium,Chennai,organic,41,female,2024-02-08,32.0,627775.83,19617.9946875,26.0,2025-12-16,15.0,32.0,371.0,4.0,2025-12-31,0.0,0.0,31.0,0.5117241379310344,692,1.0,0,Very High,Very High
C01052,medium,Chennai,organic,32,male,2024-07-16,19.0,346664.61,18245.505789473682,16.0,2025-12-15,16.0,19.0,229.0,4.0,2025-12-29,2.0,0.0,22.0,0.3158620689655172,533,0.0,1,Very High,Very High
C01053,medium,Delhi,ads,37,female,2025-10-07,4.0,50430.7,12607.675,4.0,2025-12-24,7.0,4.0,35.0,4.0,2025-12-31,0.0,0.0,4.0,0.04827586206896552,85,5.0,0,Medium,Medium
C01054,medium,Mumbai,ads,28,male,2025-08-01,11.0,162536.93,14776.084545454545,11.0,2025-12-19,12.0,11.0,79.0,4.0,2025-12-29,2.0,0.0,3.0,0.10896551724137932,152,5.0,0,Very High,Medium
C01056,medium,Kolkata,ads,46,male,2024-06-27,14.0,203004.46,14500.31857142857,12.0,2025-06-05,209.0,14.0,238.0,4.0,2025-12-31,0.0,0.0,24.0,0.32827586206896553,552,5.0,0,Very High,Very High
C01057,medium,Pune,referral,45,female,2025-07-07,7.0,136507.4,19501.057142857142,7.0,2025-12-31,0.0,7.0,78.0,4.0,2025-12-31,0.0,0.0,7.0,0.10758620689655173,177,1.0,0,High,Medium
C01058,high,Bangalore,organic,42,male,2025-03-23,31.0,477056.92,15388.932903225807,25.0,2025-12-28,3.0,31.0,274.0,4.0,2025-12-30,1.0,0.0,27.0,0.3779310344827586,283,14.0,0,Very High,Very High
C01059,medium,Chennai,ads,40,male,2025-05-14,8.0,92755.99,11594.49875,8.0,2025-11-07,54.0,8.0,103.0,4.0,2025-12-31,0.0,0.0,8.0,0.14206896551724138,231,2.0,0,High,High
C01060,medium,Ahmedabad,organic,22,male,2024-01-15,21.0,257105.96999999997,12243.141428571427,19.0,2025-11-26,35.0,21.0,359.0,4.0,2025-12-30,1.0,0.0,34.0,0.49517241379310345,716,5.0,0,Very High,Very High
C01061,medium,Chennai,organic,41,male,2025-09-14,4.0,49377.06,12344.265,4.0,2025-11-03,58.0,4.0,43.0,4.0,2025-12-24,7.0,0.0,9.0,0.05931034482758621,108,1.0,0,Medium,Medium
C01062,high,Ahmedabad,organic,36,other,2025-10-30,10.0,151240.26,15124.026000000002,10.0,2025-12-29,2.0,10.0,72.0,4.0,2025-12-29,2.0,0.0,7.0,0.0993103448275862,62,10.0,0,High,Medium
C01064,medium,Ahmedabad,referral,43,female,2025-04-22,11.0,171786.04,15616.912727272727,11.0,2025-12-24,7.0,11.0,119.0,4.0,2025-12-24,7.0,0.0,11.0,0.16413793103448276,253,4.0,0,Very High,High
C01065,medium,Chennai,organic,40,male,2024-08-18,22.0,461157.41,20961.700454545455,21.0,2025-11-29,32.0,22.0,237.0,4.0,2025-12-26,5.0,0.0,16.0,0.32689655172413795,500,4.0,0,Very High,Very High
C01067,medium,Chennai,ads,34,male,2024-06-05,20.0,481055.47,24052.7735,19.0,2025-12-09,22.0,20.0,288.0,4.0,2025-12-31,0.0,0.0,28.0,0.3972413793103448,574,5.0,0,Very High,Very High
C01069,medium,Bhubaneswar,ads,37,male,2025-03-16,16.0,478272.88999999996,29892.055624999997,16.0,2025-11-07,54.0,16.0,141.0,4.0,2025-12-29,2.0,0.0,13.0,0.19448275862068964,290,2.0,0,Very High,High
C01070,medium,Mumbai,ads,30,female,2024-04-06,32.0,732028.3,22875.884375,28.0,2025-12-20,11.0,32.0,295.0,4.0,2025-12-25,6.0,0.0,22.0,0.4068965517241379,634,5.0,0,Very High,Very High
C01072,medium,Ahmedabad,referral,39,female,2024-10-15,16.0,393799.88,24612.4925,16.0,2025-10-29,63.0,16.0,207.0,4.0,2025-12-28,3.0,0.0,10.0,0.28551724137931034,442,3.0,0,Very High,Very High
C01073,medium,Chennai,organic,30,female,2024-09-10,23.0,529459.26,23019.96782608696,20.0,2025-12-14,17.0,23.0,242.0,4.0,2025-12-31,0.0,0.0,20.0,0.33379310344827584,477,2.0,0,Very High,Very High
C01075,medium,Ahmedabad,organic,19,female,2025-08-20,6.0,47412.18,7902.03,6.0,2025-12-27,4.0,6.0,62.0,4.0,2025-12-29,2.0,0.0,7.0,0.08551724137931034,133,4.0,0,High,Medium
C01076,medium,Jaipur,ads,26,male,2025-06-05,9.0,297052.83,33005.87,8.0,2025-12-29,2.0,9.0,116.0,4.0,2025-12-31,0.0,0.0,7.0,0.16,209,8.0,0,High,High
C01077,medium,Bangalore,referral,41,male,2025-05-31,9.0,254574.74,28286.08222222222,8.0,2025-11-26,35.0,9.0,86.0,4.0,2025-12-31,0.0,0.0,7.0,0.11862068965517242,214,6.0,0,High,Medium
C01079,low,Pune,ads,47,female,2024-04-27,1.0,2907.0,2907.0,1.0,2024-06-07,572.0,1.0,9.0,4.0,2024-06-28,551.0,0.0,1.0,0.012413793103448275,613,0.0,1,Low,Low
C01080,medium,Mumbai,ads,44,male,2024-06-07,22.0,474091.31,21549.605,20.0,2025-12-31,0.0,22.0,251.0,4.0,2025-12-31,0.0,0.0,21.0,0.34620689655172415,572,4.0,0,Very High,Very High
C01081,medium,Bhubaneswar,ads,32,female,2024-08-15,24.0,414929.94999999995,17288.747916666664,23.0,2025-12-14,17.0,24.0,262.0,4.0,2025-12-30,1.0,0.0,21.0,0.36137931034482756,503,1.0,0,Very High,Very High
C01082,low,Chennai,organic,64,male,2024-08-03,5.0,178617.72,35723.544,5.0,2025-09-12,110.0,5.0,91.0,4.0,2025-12-15,16.0,0.0,8.0,0.12551724137931033,515,0.0,1,Medium,Medium
C01083,high,Delhi,referral,47,male,2025-11-26,2.0,17670.85,8835.425,2.0,2025-12-06,25.0,2.0,39.0,4.0,2025-12-31,0.0,0.0,5.0,0.05379310344827586,35,11.0,0,Low,Medium
C01084,medium,Bangalore,ads,25,male,2024-01-15,22.0,221013.02,10046.046363636364,20.0,2025-12-12,19.0,22.0,318.0,4.0,2025-12-27,4.0,0.0,29.0,0.4386206896551724,716,3.0,0,Very High,Very High
C01085,low,Ahmedabad,organic,42,female,2024-06-05,3.0,57238.899999999994,19079.63333333333,3.0,2025-03-27,279.0,3.0,48.0,4.0,2025-03-27,279.0,0.0,6.0,0.06620689655172414,574,0.0,1,Medium,Medium
C01088,medium,Delhi,organic,24,male,2024-06-05,17.0,413590.25,24328.83823529412,17.0,2025-12-27,4.0,17.0,262.0,4.0,2025-12-31,0.0,0.0,28.0,0.36137931034482756,574,6.0,0,Very High,Very High
C01089,high,Pune,organic,44,male,2024-02-16,83.0,1255288.6,15123.959036144579,55.0,2025-12-17,14.0,83.0,674.0,4.0,2025-12-30,1.0,0.0,64.0,0.9296551724137931,684,10.0,0,Very High,Very High
C01090,medium,Pune,ads,29,female,2024-11-19,13.0,178552.81,13734.831538461538,13.0,2025-11-28,33.0,13.0,189.0,4.0,2025-12-30,1.0,0.0,13.0,0.26068965517241377,407,3.0,0,Very High,High
C01091,medium,Bhubaneswar,ads,33,male,2025-11-15,3.0,25770.09,8590.03,3.0,2025-12-31,0.0,3.0,19.0,3.0,2025-12-31,0.0,0.0,0.0,0.02620689655172414,46,1.0,0,Medium,Low
C01092,medium,Bangalore,ads,25,male,2024-05-09,14.0,237095.16,16935.36857142857,14.0,2025-09-17,105.0,14.0,266.0,4.0,2025-12-31,0.0,0.0,22.0,0.36689655172413793,601,3.0,0,Very High,Very High
C01094,high,Ahmedabad,ads,33,female,2024-04-04,63.0,1051572.99,16691.634761904763,49.0,2025-12-29,2.0,63.0,596.0,4.0,2025-12-31,0.0,0.0,60.0,0.8220689655172414,636,11.0,0,Very High,Very High
C01096,medium,Hyderabad,organic,18,male,2024-10-18,14.0,279045.65,19931.832142857143,14.0,2025-12-29,2.0,14.0,192.0,4.0,2025-12-29,2.0,0.0,23.0,0.26482758620689656,439,0.0,1,Very High,High
C01097,medium,Ahmedabad,ads,35,female,2024-10-09,19.0,314205.74,16537.144210526316,19.0,2025-12-16,15.0,19.0,205.0,4.0,2025-12-24,7.0,0.0,25.0,0.2827586206896552,448,3.0,0,Very High,Very High
C01098,high,Mumbai,referral,27,female,2024-03-09,90.0,1391924.33,15465.82588888889,61.0,2025-12-28,3.0,90.0,649.0,4.0,2025-12-31,0.0,0.0,57.0,0.8951724137931034,662,11.0,0,Very High,Very High
C01099,medium,Kolkata,ads,49,male,2025-10-21,3.0,45175.68,15058.56,3.0,2025-12-10,21.0,3.0,31.0,4.0,2025-12-31,0.0,0.0,4.0,0.04275862068965517,71,4.0,0,Medium,Medium
C01100,high,Mumbai,ads,64,male,2024-01-11,96.0,1494471.41,15567.410520833333,66.0,2025-12-30,1.0,96.0,717.0,4.0,2025-12-31,0.0,0.0,80.0,0.9889655172413793,720,10.0,0,Very High,Very High
C01102,low,Mumbai,ads,18,female,2025-07-03,3.0,19078.9,6359.633333333334,3.0,2025-12-06,25.0,3.0,34.0,4.0,2025-12-29,2.0,0.0,4.0,0.04689655172413793,181,1.0,0,Medium,Medium
C01103,medium,Delhi,ads,36,male,2024-05-13,32.0,707216.98,22100.530625,26.0,2025-12-15,16.0,32.0,263.0,4.0,2025-12-21,10.0,0.0,27.0,0.3627586206896552,597,2.0,0,Very High,Very High
C01104,medium,Bangalore,ads,32,female,2025-12-12,1.0,5117.5599999999995,5117.5599999999995,1.0,2025-12-31,0.0,1.0,5.0,3.0,2025-12-31,0.0,0.0,1.0,0.006896551724137931,19,4.0,0,Low,Low
C01106,medium,Chennai,organic,51,female,2024-12-11,18.0,401933.69,22329.649444444443,16.0,2025-10-23,69.0,18.0,178.0,4.0,2025-12-29,2.0,0.0,20.0,0.24551724137931036,385,4.0,0,Very High,High
C01107,high,Kolkata,organic,43,male,2024-10-28,55.0,1412808.49,25687.427090909092,41.0,2025-12-11,20.0,55.0,458.0,4.0,2025-12-30,1.0,0.0,46.0,0.6317241379310344,429,5.0,0,Very High,Very High
C01108,medium,Chennai,organic,29,male,2024-12-28,11.0,436715.41,39701.40090909091,11.0,2025-12-15,16.0,11.0,150.0,4.0,2025-12-31,0.0,0.0,9.0,0.20689655172413793,368,5.0,0,Very High,High
C01110,high,Hyderabad,organic,37,female,2024-08-05,59.0,1437408.27,24362.852033898307,44.0,2025-12-31,0.0,59.0,488.0,4.0,2025-12-31,0.0,0.0,50.0,0.6731034482758621,513,9.0,0,Very High,Very High
C01111,medium,Chennai,ads,37,male,2024-05-20,26.0,308637.23,11870.662692307691,24.0,2025-11-21,40.0,26.0,266.0,4.0,2025-12-21,10.0,0.0,23.0,0.36689655172413793,590,2.0,0,Very High,Very High
C01112,low,Hyderabad,organic,19,female,2025-09-07,1.0,73989.66,73989.66,1.0,2025-12-15,16.0,1.0,22.0,3.0,2025-12-31,0.0,0.0,0.0,0.030344827586206897,115,1.0,0,Low,Medium
C01113,high,Ahmedabad,ads,45,female,2024-07-28,55.0,1222505.25,22227.368181818183,43.0,2025-12-24,7.0,55.0,489.0,4.0,2025-12-31,0.0,0.0,48.0,0.6744827586206896,521,13.0,0,Very High,Very High
C01114,high,Chennai,organic,36,female,2025-09-14,11.0,114239.31,10385.391818181817,11.0,2025-12-15,16.0,11.0,75.0,4.0,2025-12-31,0.0,0.0,9.0,0.10344827586206896,108,10.0,0,Very High,Medium
C01115,medium,Hyderabad,referral,33,male,2025-09-07,5.0,54863.1,10972.619999999999,5.0,2025-11-25,36.0,5.0,53.0,4.0,2025-12-29,2.0,0.0,4.0,0.07310344827586207,115,6.0,0,Medium,Medium
C01117,medium,Bangalore,referral,27,male,2025-04-04,12.0,199841.99,16653.499166666665,11.0,2025-12-27,4.0,12.0,135.0,4.0,2025-12-31,0.0,0.0,11.0,0.18620689655172415,271,2.0,0,Very High,High
C01119,medium,Chennai,organic,18,male,2024-11-19,14.0,343307.52,24521.965714285714,13.0,2025-11-30,31.0,14.0,180.0,4.0,2025-12-31,0.0,0.0,21.0,0.2482758620689655,407,1.0,0,Very High,High
C01120,high,Kolkata,organic,42,male,2024-05-12,84.0,1055966.23,12571.026547619047,61.0,2025-12-31,0.0,84.0,605.0,4.0,2025-12-31,0.0,0.0,55.0,0.8344827586206897,598,14.0,0,Very High,Very High
C01121,low,Chennai,referral,24,male,2024-05-06,2.0,20468.940000000002,10234.470000000001,2.0,2024-08-31,487.0,2.0,34.0,4.0,2024-11-30,396.0,0.0,6.0,0.04689655172413793,604,0.0,1,Low,Medium
C01122,medium,Pune,ads,18,male,2024-04-15,19.0,236484.44,12446.54947368421,18.0,2025-12-06,25.0,19.0,276.0,4.0,2025-12-31,0.0,0.0,27.0,0.38068965517241377,625,6.0,0,Very High,Very High
C01123,medium,Delhi,organic,53,other,2025-08-26,2.0,24843.839999999997,12421.919999999998,2.0,2025-10-11,81.0,2.0,58.0,4.0,2025-12-30,1.0,0.0,5.0,0.08,127,3.0,0,Low,Medium
C01124,medium,Delhi,ads,26,female,2025-01-12,13.0,299377.47,23029.03615384615,12.0,2025-11-23,38.0,13.0,167.0,4.0,2025-12-26,5.0,0.0,11.0,0.2303448275862069,353,2.0,0,Very High,High
C01125,medium,Delhi,ads,27,female,2024-02-20,22.0,154052.92,7002.4054545454555,21.0,2025-11-13,48.0,22.0,290.0,4.0,2025-12-30,1.0,0.0,29.0,0.4,680,5.0,0,Very High,Very High
C01126,high,Mumbai,organic,46,female,2024-01-29,79.0,1364385.5899999999,17270.703670886072,56.0,2025-12-29,2.0,79.0,679.0,4.0,2025-12-31,0.0,0.0,91.0,0.9365517241379311,702,10.0,0,Very High,Very High
C01127,high,Ahmedabad,organic,53,female,2025-04-06,27.0,451751.67,16731.54333333333,24.0,2025-12-15,16.0,27.0,259.0,4.0,2025-12-30,1.0,0.0,20.0,0.35724137931034483,269,14.0,0,Very High,Very High
C01128,medium,Chennai,referral,19,male,2024-10-22,12.0,180976.13,15081.344166666668,10.0,2025-12-31,0.0,12.0,206.0,4.0,2025-12-31,0.0,0.0,22.0,0.28413793103448276,435,5.0,0,Very High,Very High
C01132,medium,Hyderabad,organic,51,male,2025-09-04,2.0,28133.04,14066.52,2.0,2025-12-05,26.0,2.0,51.0,4.0,2025-12-31,0.0,0.0,8.0,0.0703448275862069,118,2.0,0,Low,Medium
C01133,medium,Mumbai,ads,24,female,2025-02-08,9.0,308086.15,34231.794444444444,8.0,2025-11-22,39.0,9.0,155.0,4.0,2025-12-28,3.0,0.0,9.0,0.21379310344827587,326,4.0,0,High,High
C01134,high,Bangalore,organic,49,male,2024-12-11,40.0,560587.24,14014.681,34.0,2025-12-26,5.0,40.0,357.0,4.0,2025-12-31,0.0,0.0,27.0,0.4924137931034483,385,12.0,0,Very High,Very High
C01135,high,Chennai,organic,27,female,2025-09-13,19.0,236426.62,12443.506315789473,19.0,2025-12-31,0.0,19.0,116.0,4.0,2025-12-31,0.0,0.0,15.0,0.16,109,8.0,0,Very High,High
C01136,medium,Kolkata,referral,38,female,2025-02-23,7.0,270809.22,38687.03142857143,6.0,2025-11-30,31.0,7.0,123.0,4.0,2025-12-29,2.0,0.0,15.0,0.1696551724137931,311,1.0,0,High,High
C01138,low,Bhubaneswar,organic,33,male,2024-01-01,7.0,120963.0,17280.428571428572,7.0,2025-10-15,77.0,7.0,124.0,4.0,2025-12-26,5.0,0.0,9.0,0.17103448275862068,730,0.0,1,High,High
C01140,medium,Bangalore,ads,31,male,2025-01-05,19.0,245664.47,12929.708947368421,19.0,2025-11-14,47.0,19.0,172.0,4.0,2025-12-29,2.0,0.0,19.0,0.23724137931034484,360,6.0,0,Very High,High
C01142,medium,Delhi,organic,24,female,2025-03-06,11.0,289208.47,26291.67909090909,10.0,2025-12-29,2.0,11.0,145.0,4.0,2025-12-29,2.0,0.0,22.0,0.2,300,4.0,0,Very High,High
C01143,high,Mumbai,referral,26,male,2024-11-04,59.0,1408799.57,23877.958813559322,48.0,2025-12-19,12.0,59.0,420.0,4.0,2025-12-31,0.0,0.0,42.0,0.5793103448275863,422,8.0,0,Very High,Very High
C01144,low,Ahmedabad,ads,39,male,2024-05-16,1.0,19750.5,19750.5,1.0,2024-05-31,579.0,1.0,10.0,3.0,2024-06-25,554.0,0.0,0.0,0.013793103448275862,594,0.0,1,Low,Low
C01145,medium,Jaipur,ads,48,other,2024-07-20,21.0,279690.8,13318.609523809524,19.0,2025-12-30,1.0,21.0,282.0,4.0,2025-12-30,1.0,0.0,28.0,0.3889655172413793,529,4.0,0,Very High,Very High
C01146,high,Jaipur,organic,34,female,2025-03-11,42.0,904369.25,21532.60119047619,34.0,2025-12-31,0.0,42.0,302.0,4.0,2025-12-31,0.0,0.0,28.0,0.416551724137931,295,12.0,0,Very High,Very High
C01147,medium,Mumbai,organic,40,male,2024-11-08,20.0,207788.84,10389.442,19.0,2025-12-14,17.0,20.0,196.0,4.0,2025-12-21,10.0,0.0,15.0,0.27034482758620687,418,4.0,0,Very High,High
C01148,medium,Hyderabad,ads,42,male,2024-04-26,26.0,463629.18,17831.89153846154,24.0,2025-11-30,31.0,26.0,291.0,4.0,2025-12-31,0.0,0.0,22.0,0.4013793103448276,614,4.0,0,Very High,Very High
C01150,medium,Hyderabad,ads,25,male,2025-07-28,6.0,52688.159999999996,8781.359999999999,6.0,2025-12-05,26.0,6.0,54.0,4.0,2025-12-29,2.0,0.0,4.0,0.07448275862068965,156,0.0,1,High,Medium
C01152,high,Ahmedabad,organic,28,female,2025-06-20,18.0,429937.46,23885.414444444446,18.0,2025-12-25,6.0,18.0,191.0,4.0,2025-12-30,1.0,0.0,18.0,0.263448275862069,194,7.0,0,Very High,High
C01153,medium,Bhubaneswar,ads,54,female,2025-08-24,4.0,75097.98,18774.495,4.0,2025-12-04,27.0,4.0,50.0,4.0,2025-12-27,4.0,0.0,5.0,0.06896551724137931,129,4.0,0,Medium,Medium
C01154,medium,Chennai,ads,40,male,2024-03-15,20.0,430017.76,21500.888,19.0,2025-12-29,2.0,20.0,307.0,4.0,2025-12-31,0.0,0.0,33.0,0.42344827586206896,656,6.0,0,Very High,Very High
C01155,medium,Bhubaneswar,organic,39,female,2025-01-20,7.0,169475.36000000002,24210.765714285717,6.0,2025-09-29,93.0,7.0,177.0,4.0,2025-12-31,0.0,0.0,22.0,0.24413793103448275,345,4.0,0,High,High
C01156,medium,Jaipur,organic,38,male,2024-07-28,18.0,302313.35000000003,16795.186111111114,18.0,2025-11-27,34.0,18.0,273.0,4.0,2025-12-25,6.0,0.0,34.0,0.37655172413793103,521,3.0,0,Very High,Very High
C01158,low,Ahmedabad,ads,54,female,2025-02-21,1.0,88612.26,88612.26,1.0,2025-03-21,285.0,1.0,6.0,3.0,2025-03-26,280.0,0.0,0.0,0.008275862068965517,313,0.0,1,Low,Low
C01161,low,Mumbai,ads,18,female,2025-10-01,1.0,4699.8,4699.8,1.0,2025-12-23,8.0,1.0,20.0,4.0,2025-12-24,7.0,0.0,2.0,0.027586206896551724,91,1.0,0,Low,Low
C01162,medium,Bangalore,organic,42,male,2024-06-27,25.0,601661.26,24066.4504,24.0,2025-12-03,28.0,25.0,261.0,4.0,2025-12-27,4.0,0.0,29.0,0.36,552,2.0,0,Very High,Very High
C01165,medium,Bhubaneswar,referral,25,male,2024-01-25,24.0,353142.39999999997,14714.266666666665,23.0,2025-11-21,40.0,24.0,328.0,4.0,2025-12-29,2.0,0.0,38.0,0.45241379310344826,706,2.0,0,Very High,Very High
C01166,medium,Ahmedabad,referral,22,female,2024-06-28,25.0,403913.41000000003,16156.5364,22.0,2025-12-13,18.0,25.0,264.0,4.0,2025-12-27,4.0,0.0,23.0,0.3641379310344828,551,3.0,0,Very High,Very High
C01167,medium,Hyderabad,organic,22,female,2025-12-10,1.0,4359.719999999999,4359.719999999999,1.0,2025-12-26,5.0,1.0,6.0,4.0,2025-12-27,4.0,0.0,1.0,0.008275862068965517,21,2.0,0,Low,Low
C01168,medium,Delhi,ads,35,female,2025-05-15,10.0,299674.89999999997,29967.489999999998,8.0,2025-11-27,34.0,10.0,115.0,4.0,2025-12-30,1.0,0.0,9.0,0.15862068965517243,230,5.0,0,High,High
C01169,low,Kolkata,referral,31,female,2024-06-09,1.0,15355.1,15355.1,1.0,2024-08-04,514.0,1.0,9.0,3.0,2024-08-19,499.0,0.0,2.0,0.012413793103448275,570,0.0,1,Low,Low
C01170,medium,Hyderabad,ads,38,male,2024-06-25,22.0,366177.66,16644.43909090909,18.0,2025-10-04,88.0,22.0,237.0,4.0,2025-12-27,4.0,0.0,28.0,0.32689655172413795,554,2.0,0,Very High,Very High
C01171,high,Hyderabad,organic,51,male,2024-10-11,46.0,637203.1799999999,13852.24304347826,38.0,2025-12-25,6.0,46.0,441.0,4.0,2025-12-31,0.0,0.0,49.0,0.6082758620689656,446,12.0,0,Very High,Very High
C01172,medium,Bhubaneswar,referral,33,male,2024-03-03,24.0,325427.45999999996,13559.477499999999,20.0,2025-11-08,53.0,24.0,323.0,4.0,2025-12-29,2.0,0.0,33.0,0.44551724137931037,668,2.0,0,Very High,Very High
C01173,high,Delhi,ads,18,male,2025-10-23,3.0,100661.9,33553.96666666667,3.0,2025-12-11,20.0,3.0,63.0,4.0,2025-12-31,0.0,0.0,9.0,0.08689655172413793,69,10.0,0,Medium,Medium
C01174,high,Mumbai,organic,32,male,2025-10-27,5.0,36713.42,7342.683999999999,5.0,2025-12-29,2.0,5.0,50.0,4.0,2025-12-30,1.0,0.0,6.0,0.06896551724137931,65,14.0,0,Medium,Medium
C01175,medium,Mumbai,organic,46,male,2024-06-04,25.0,512143.26,20485.7304,22.0,2025-12-12,19.0,25.0,261.0,4.0,2025-12-27,4.0,0.0,20.0,0.36,575,5.0,0,Very High,Very High
C01176,medium,Hyderabad,ads,34,other,2025-04-13,16.0,158187.47,9886.716875,13.0,2025-12-18,13.0,16.0,141.0,4.0,2025-12-30,1.0,0.0,13.0,0.19448275862068964,262,3.0,0,Very High,High
C01177,medium,Pune,ads,50,male,2024-02-18,27.0,757956.5299999999,28072.464074074072,26.0,2025-10-29,63.0,27.0,320.0,4.0,2025-12-30,1.0,0.0,32.0,0.4413793103448276,682,3.0,0,Very High,Very High
C01180,medium,Hyderabad,ads,36,male,2025-11-19,5.0,68958.36,13791.672,5.0,2025-12-24,7.0,5.0,24.0,3.0,2025-12-29,2.0,0.0,0.0,0.03310344827586207,42,5.0,0,Medium,Medium
C01181,medium,Kolkata,ads,37,male,2024-05-27,26.0,446691.1,17180.42692307692,23.0,2025-12-28,3.0,26.0,272.0,4.0,2025-12-31,0.0,0.0,28.0,0.37517241379310345,583,9.0,0,Very High,Very High
C01182,medium,Delhi,organic,45,male,2025-09-21,8.0,99774.61,12471.82625,8.0,2025-12-30,1.0,8.0,53.0,4.0,2025-12-30,1.0,0.0,6.0,0.07310344827586207,101,2.0,0,High,Medium
C01183,low,Bangalore,ads,53,female,2024-12-07,1.0,8412.03,8412.03,1.0,2025-03-21,285.0,1.0,36.0,4.0,2025-06-26,188.0,0.0,2.0,0.0496551724137931,389,0.0,1,Low,Medium
C01184,high,Jaipur,organic,44,female,2025-04-20,22.0,303783.20999999996,13808.327727272726,20.0,2025-12-25,6.0,22.0,221.0,4.0,2025-12-31,0.0,0.0,25.0,0.30482758620689654,255,20.0,0,Very High,Very High
C01185,high,Ahmedabad,organic,39,female,2024-03-03,65.0,1079487.76,16607.504,51.0,2025-11-23,38.0,65.0,615.0,4.0,2025-12-31,0.0,0.0,53.0,0.8482758620689655,668,10.0,0,Very High,Very High
C01187,medium,Mumbai,referral,33,female,2024-12-25,14.0,177672.27,12690.876428571428,13.0,2025-11-30,31.0,14.0,142.0,4.0,2025-12-28,3.0,0.0,15.0,0.19586206896551725,371,2.0,0,Very High,High
C01188,high,Ahmedabad,organic,20,female,2025-07-14,12.0,239286.12999999998,19940.51083333333,12.0,2025-12-31,0.0,12.0,162.0,4.0,2025-12-31,0.0,0.0,22.0,0.22344827586206897,170,10.0,0,Very High,High
C01189,medium,Kolkata,organic,35,female,2024-11-22,14.0,182122.71,13008.765,14.0,2025-12-05,26.0,14.0,165.0,4.0,2025-12-31,0.0,0.0,18.0,0.22758620689655173,404,3.0,0,Very High,High
C01191,low,Jaipur,ads,22,other,2024-08-02,4.0,33114.69,8278.6725,4.0,2025-03-25,281.0,4.0,46.0,4.0,2025-05-31,214.0,0.0,1.0,0.06344827586206897,516,0.0,1,Medium,Medium
C01192,low,Pune,referral,48,female,2025-03-10,1.0,10736.93,10736.93,1.0,2025-03-21,285.0,1.0,21.0,4.0,2025-06-26,188.0,0.0,4.0,0.028965517241379312,296,0.0,1,Low,Medium
C01193,medium,Bangalore,referral,45,female,2025-12-23,1.0,12694.5,12694.5,1.0,2025-12-25,6.0,1.0,4.0,2.0,2025-12-29,2.0,0.0,0.0,0.005517241379310344,8,2.0,0,Low,Low
C01194,medium,Bhubaneswar,organic,21,female,2024-11-13,10.0,170505.68,17050.568,10.0,2025-12-29,2.0,10.0,185.0,4.0,2025-12-29,2.0,0.0,20.0,0.25517241379310346,413,6.0,0,High,High
C01195,low,Kolkata,organic,48,male,2024-02-01,2.0,73175.6,36587.8,2.0,2024-05-01,609.0,2.0,31.0,4.0,2024-08-31,487.0,0.0,4.0,0.04275862068965517,699,0.0,1,Low,Medium
C01197,medium,Chennai,ads,27,female,2024-10-11,12.0,105234.25,8769.520833333334,10.0,2025-12-22,9.0,12.0,207.0,4.0,2025-12-30,1.0,0.0,31.0,0.28551724137931034,446,1.0,0,Very High,Very High
C01199,high,Bhubaneswar,organic,34,female,2025-03-04,40.0,716659.63,17916.49075,33.0,2025-12-23,8.0,40.0,318.0,4.0,2025-12-31,0.0,0.0,32.0,0.4386206896551724,302,10.0,0,Very High,Very High
C01200,medium,Bhubaneswar,ads,53,male,2025-04-21,5.0,191315.16,38263.032,5.0,2025-12-29,2.0,5.0,117.0,4.0,2025-12-29,2.0,0.0,22.0,0.16137931034482758,254,2.0,0,Medium,High
C01201,medium,Bangalore,organic,26,male,2024-10-12,16.0,366359.13,22897.445625,14.0,2025-12-27,4.0,16.0,228.0,4.0,2025-12-31,0.0,0.0,21.0,0.31448275862068964,445,2.0,0,Very High,Very High
C01202,medium,Delhi,organic,18,female,2024-05-23,27.0,607336.79,22493.955185185187,25.0,2025-10-07,85.0,27.0,268.0,4.0,2025-12-28,3.0,0.0,26.0,0.3696551724137931,587,3.0,0,Very High,Very High
C01204,high,Ahmedabad,organic,42,female,2024-01-19,84.0,1873691.9,22305.855952380953,55.0,2025-12-28,3.0,84.0,697.0,4.0,2025-12-28,3.0,0.0,61.0,0.9613793103448276,712,11.0,0,Very High,Very High
C01205,medium,Ahmedabad,ads,25,female,2024-01-18,30.0,441260.93,14708.697666666667,26.0,2025-11-16,45.0,30.0,360.0,4.0,2025-12-30,1.0,0.0,35.0,0.496551724137931,713,7.0,0,Very High,Very High
C01207,low,Pune,organic,37,male,2025-01-05,1.0,22980.48,22980.48,1.0,2025-02-18,316.0,1.0,22.0,4.0,2025-03-21,285.0,0.0,1.0,0.030344827586206897,360,0.0,1,Low,Medium
C01208,high,Hyderabad,organic,20,female,2024-06-23,69.0,1253851.5899999999,18171.76217391304,55.0,2025-12-30,1.0,69.0,518.0,4.0,2025-12-30,1.0,0.0,50.0,0.7144827586206897,556,10.0,0,Very High,Very High
C01209,medium,Pune,referral,38,male,2024-07-12,18.0,286892.84,15938.491111111112,18.0,2025-10-17,75.0,18.0,236.0,4.0,2025-12-31,0.0,0.0,41.0,0.3255172413793103,537,2.0,0,Very High,Very High
C01210,medium,Pune,referral,31,male,2025-05-16,9.0,252977.41,28108.60111111111,8.0,2025-11-25,36.0,9.0,111.0,4.0,2025-12-31,0.0,0.0,13.0,0.15310344827586206,229,3.0,0,High,High
C01211,high,Bhubaneswar,organic,39,female,2024-04-22,74.0,1329908.9,17971.741891891892,52.0,2025-12-07,24.0,74.0,599.0,4.0,2025-12-31,0.0,0.0,57.0,0.8262068965517242,618,17.0,0,Very High,Very High
C01213,low,Jaipur,organic,47,female,2024-08-09,1.0,17644.3,17644.3,1.0,2024-12-09,387.0,1.0,24.0,4.0,2024-12-28,368.0,0.0,4.0,0.03310344827586207,509,0.0,1,Low,Medium
C01214,high,Mumbai,ads,33,female,2025-11-08,9.0,229745.96999999997,25527.329999999998,9.0,2025-12-28,3.0,9.0,44.0,4.0,2025-12-30,1.0,0.0,1.0,0.060689655172413794,53,7.0,0,High,Medium
C01215,high,Kolkata,referral,42,male,2025-10-05,15.0,323642.97,21576.197999999997,15.0,2025-12-22,9.0,15.0,89.0,4.0,2025-12-31,0.0,0.0,7.0,0.12275862068965518,87,5.0,0,Very High,Medium
C01216,high,Kolkata,ads,44,female,2024-09-20,39.0,469630.96,12041.819487179488,35.0,2025-12-24,7.0,39.0,441.0,4.0,2025-12-30,1.0,0.0,53.0,0.6082758620689656,467,10.0,0,Very High,Very High
C01218,high,Bhubaneswar,organic,43,female,2025-10-04,8.0,88267.85,11033.48125,8.0,2025-12-30,1.0,8.0,89.0,4.0,2025-12-31,0.0,0.0,7.0,0.12275862068965518,88,8.0,0,High,Medium
C01219,medium,Bangalore,ads,20,male,2025-04-02,7.0,129831.98,18547.425714285713,7.0,2025-12-18,13.0,7.0,96.0,4.0,2025-12-31,0.0,0.0,8.0,0.13241379310344828,273,4.0,0,High,Medium
C01220,medium,Bangalore,ads,21,male,2024-06-10,20.0,317777.66,15888.882999999998,18.0,2025-12-31,0.0,20.0,236.0,4.0,2025-12-31,0.0,0.0,28.0,0.3255172413793103,569,6.0,0,Very High,Very High
C01221,medium,Mumbai,ads,54,female,2025-01-14,9.0,69466.85,7718.538888888889,9.0,2025-12-04,27.0,9.0,166.0,4.0,2025-12-30,1.0,0.0,14.0,0.2289655172413793,351,1.0,0,High,High
C01222,high,Delhi,organic,46,male,2024-03-27,85.0,1363825.53,16045.006235294119,62.0,2025-12-27,4.0,85.0,630.0,4.0,2025-12-31,0.0,0.0,53.0,0.8689655172413793,644,10.0,0,Very High,Very High
C01223,medium,Bhubaneswar,ads,55,male,2024-02-24,22.0,413055.56,18775.252727272727,20.0,2025-12-29,2.0,22.0,317.0,4.0,2025-12-29,2.0,0.0,17.0,0.43724137931034485,676,4.0,0,Very High,Very High
C01224,low,Ahmedabad,ads,31,other,2025-04-20,2.0,27521.22,13760.61,2.0,2025-05-22,223.0,2.0,9.0,3.0,2025-06-20,194.0,0.0,0.0,0.012413793103448275,255,0.0,1,Low,Low
C01227,high,Chennai,organic,34,male,2024-12-14,7.0,36308.59,5186.941428571428,7.0,2025-02-15,319.0,7.0,72.0,4.0,2025-02-28,306.0,0.0,12.0,0.0993103448275862,382,0.0,1,High,Medium
